Ticker,Name,Last Price,Market Cap,Trading Region,Exchange
TSM,Taiwan Semiconductor Manufacturing Company Limited,330.5600,N/A for download,United States and Canada,NYSE
BRKA,Berkshire Hathaway Inc.,722500.0000,N/A for download,United States and Canada,NYSE
BRKB,Berkshire Hathaway Inc.,480.5300,N/A for download,United States and Canada,NYSE
LLY,Eli Lilly and Company,1037.1499,N/A for download,United States and Canada,NYSE
JPM,JPMorgan Chase & Co.,305.8900,N/A for download,United States and Canada,NYSE
V,Visa Inc.,321.8300,N/A for download,United States and Canada,NYSE
XOM,Exxon Mobil Corporation,141.4000,N/A for download,United States and Canada,NYSE
JNJ,Johnson & Johnson,227.2500,N/A for download,United States and Canada,NYSE
MA,Mastercard Incorporated,538.7900,N/A for download,United States and Canada,NYSE
ORCL,Oracle Corporation,164.5800,N/A for download,United States and Canada,NYSE
ABBV,AbbVie Inc.,223.0100,N/A for download,United States and Canada,NYSE
BAC,Bank of America Corporation,53.2000,N/A for download,United States and Canada,NYSE
BABA,Alibaba Group Holding Limited,169.5600,N/A for download,United States and Canada,NYSE
HD,The Home Depot Inc.,374.5900,N/A for download,United States and Canada,NYSE
PG,The Procter & Gamble Company,151.7700,N/A for download,United States and Canada,NYSE
CVX,Chevron Corporation,176.9000,N/A for download,United States and Canada,NYSE
KO,The Coca-Cola Company,74.8100,N/A for download,United States and Canada,NYSE
GE,General Electric Company,306.7900,N/A for download,United States and Canada,NYSE
CAT,Caterpillar Inc.,657.3600,N/A for download,United States and Canada,NYSE
HSBC,HSBC Holdings plc,88.0100,N/A for download,United States and Canada,NYSE
TM,Toyota Motor Corporation,226.8600,N/A for download,United States and Canada,NYSE
GS,The Goldman Sachs Group Inc.,935.4100,N/A for download,United States and Canada,NYSE
MS,Morgan Stanley,182.8000,N/A for download,United States and Canada,NYSE
IBM,International Business Machines Corporation,306.7000,N/A for download,United States and Canada,NYSE
NVS,Novartis AG,148.6800,N/A for download,United States and Canada,NYSE
WFC,Wells Fargo & Company,90.4900,N/A for download,United States and Canada,NYSE
PM,Philip Morris International Inc.,179.4400,N/A for download,United States and Canada,NYSE
MRK,Merck & Co. Inc.,110.2700,N/A for download,United States and Canada,NYSE
RTX,RTX Corporation,200.9300,N/A for download,United States and Canada,NYSE
NVO,Novo Nordisk A/S,59.4300,N/A for download,United States and Canada,NYSE
UNH,UnitedHealth Group Incorporated,286.9300,N/A for download,United States and Canada,NYSE
AXP,American Express Company,352.1700,N/A for download,United States and Canada,NYSE
SAP,SAP SE,201.0400,N/A for download,United States and Canada,NYSE
RY,Royal Bank of Canada,166.2300,N/A for download,United States and Canada,NYSE
MCD,McDonald's Corporation,315.0000,N/A for download,United States and Canada,NYSE
SHEL,Shell plc,77.0300,N/A for download,United States and Canada,NYSE
TMO,Thermo Fisher Scientific Inc.,578.6100,N/A for download,United States and Canada,NYSE
MUFG,Mitsubishi UFJ Financial Group Inc.,18.0500,N/A for download,United States and Canada,NYSE
C,Citigroup Inc.,115.7100,N/A for download,United States and Canada,NYSE
DIS,The Walt Disney Company,112.8000,N/A for download,United States and Canada,NYSE
CRM,Salesforce Inc.,212.2900,N/A for download,United States and Canada,NYSE
GEV,GE Vernova Inc.,726.3700,N/A for download,United States and Canada,NYSE
ABT,Abbott Laboratories,109.3000,N/A for download,United States and Canada,NYSE
VZ,Verizon Communications Inc.,44.5200,N/A for download,United States and Canada,NYSE
SAN,Banco Santander S.A.,12.7500,N/A for download,United States and Canada,NYSE
SCHW,The Charles Schwab Corporation,103.9200,N/A for download,United States and Canada,NYSE
T,AT&T Inc.,26.2100,N/A for download,United States and Canada,NYSE
BA,The Boeing Company,233.7200,N/A for download,United States and Canada,NYSE
NEE,NextEra Energy Inc.,87.9000,N/A for download,United States and Canada,NYSE
BLK,BlackRock Inc.,1118.9400,N/A for download,United States and Canada,NYSE
BHP,BHP Group Limited,68.7300,N/A for download,United States and Canada,NYSE
ANET,Arista Networks Inc.,141.7400,N/A for download,United States and Canada,NYSE
APH,Amphenol Corporation,144.0800,N/A for download,United States and Canada,NYSE
BX,Blackstone Inc.,142.4200,N/A for download,United States and Canada,NYSE
TJX,The TJX Companies Inc.,149.8100,N/A for download,United States and Canada,NYSE
UBER,Uber Technologies Inc.,80.0500,N/A for download,United States and Canada,NYSE
ACN,Accenture plc,263.6400,N/A for download,United States and Canada,NYSE
SPGI,S&P Global Inc.,527.7900,N/A for download,United States and Canada,NYSE
TD,The Toronto-Dominion Bank,93.4900,N/A for download,United States and Canada,NYSE
HDB,HDFC Bank Limited,32.3800,N/A for download,United States and Canada,NYSE
SCCO,Southern Copper Corporation,190.3200,N/A for download,United States and Canada,NYSE
TTE,TotalEnergies SE,72.4000,N/A for download,United States and Canada,NYSE
RIO,Rio Tinto Group,91.0300,N/A for download,United States and Canada,NYSE
DHR,Danaher Corporation,218.8900,N/A for download,United States and Canada,NYSE
PFE,Pfizer Inc.,26.4400,N/A for download,United States and Canada,NYSE
LOW,Lowe's Companies Inc.,267.0600,N/A for download,United States and Canada,NYSE
UL,Unilever PLC,68.3600,N/A for download,United States and Canada,NYSE
UBS,UBS Group AG,47.1500,N/A for download,United States and Canada,NYSE
LMT,Lockheed Martin Corporation,634.2200,N/A for download,United States and Canada,NYSE
BBVA,Banco Bilbao Vizcaya Argentaria S.A.,25.4200,N/A for download,United States and Canada,NYSE
DE,Deere & Company,528.0000,N/A for download,United States and Canada,NYSE
SYK,Stryker Corporation,369.5600,N/A for download,United States and Canada,NYSE
UNP,Union Pacific Corporation,235.1000,N/A for download,United States and Canada,NYSE
BUD,Anheuser-Busch InBev SA/NV,71.6800,N/A for download,United States and Canada,NYSE
BSX,Boston Scientific Corporation,93.5300,N/A for download,United States and Canada,NYSE
COF,Capital One Financial Corporation,218.9300,N/A for download,United States and Canada,NYSE
ETN,Eaton Corporation plc,351.4200,N/A for download,United States and Canada,NYSE
SMFG,Sumitomo Mitsui Financial Group Inc.,20.9900,N/A for download,United States and Canada,NYSE
SONY,Sony Group Corporation,22.1000,N/A for download,United States and Canada,NYSE
MDT,Medtronic plc,102.9600,N/A for download,United States and Canada,NYSE
BTI,British American Tobacco p.l.c.,60.6800,N/A for download,United States and Canada,NYSE
WELL,Welltower Inc.,188.3600,N/A for download,United States and Canada,NYSE
COP,ConocoPhillips,104.2300,N/A for download,United States and Canada,NYSE
PLD,Prologis Inc.,130.5600,N/A for download,United States and Canada,NYSE
NOW,ServiceNow Inc.,117.0100,N/A for download,United States and Canada,NYSE
NEM,Newmont Corporation,112.3500,N/A for download,United States and Canada,NYSE
PGR,The Progressive Corporation,208.0000,N/A for download,United States and Canada,NYSE
CB,Chubb Limited,309.5600,N/A for download,United States and Canada,NYSE
PH,Parker-Hannifin Corporation,935.8400,N/A for download,United States and Canada,NYSE
BMY,Bristol-Myers Squibb Company,55.0500,N/A for download,United States and Canada,NYSE
HCA,HCA Healthcare Inc.,488.2700,N/A for download,United States and Canada,NYSE
MFG,Mizuho Financial Group Inc.,8.6300,N/A for download,United States and Canada,NYSE
ENB,Enbridge Inc.,48.8400,N/A for download,United States and Canada,NYSE
IBN,ICICI Bank Limited,29.2900,N/A for download,United States and Canada,NYSE
MO,Altria Group Inc.,61.9900,N/A for download,United States and Canada,NYSE
SPOT,Spotify Technology S.A.,500.3500,N/A for download,United States and Canada,NYSE
GSK,GSK plc,51.6000,N/A for download,United States and Canada,NYSE
MCK,McKesson Corporation,831.2100,N/A for download,United States and Canada,NYSE
BN,Brookfield Corporation,45.5500,N/A for download,United States and Canada,NYSE
KKR,KKR & Co. Inc.,114.2600,N/A for download,United States and Canada,NYSE
ICE,Intercontinental Exchange Inc.,173.7800,N/A for download,United States and Canada,NYSE
SO,The Southern Company,89.3100,N/A for download,United States and Canada,NYSE
NOC,Northrop Grumman Corporation,692.2600,N/A for download,United States and Canada,NYSE
BP,BP p.l.c.,37.8800,N/A for download,United States and Canada,NYSE
BMO,Bank of Montreal,136.1500,N/A for download,United States and Canada,NYSE
PBR,Petróleo Brasileiro S.A. - Petrobras,15.3400,N/A for download,United States and Canada,NYSE
PBRA,Petróleo Brasileiro S.A. - Petrobras,14.3600,N/A for download,United States and Canada,NYSE
AEM,Agnico Eagle Mines Limited,190.5000,N/A for download,United States and Canada,NYSE
GD,General Dynamics Corporation,351.0900,N/A for download,United States and Canada,NYSE
CVS,CVS Health Corporation,74.5200,N/A for download,United States and Canada,NYSE
DUK,Duke Energy Corporation,121.3500,N/A for download,United States and Canada,NYSE
TT,Trane Technologies plc,420.5800,N/A for download,United States and Canada,NYSE
BNS,The Bank of Nova Scotia,74.7200,N/A for download,United States and Canada,NYSE
MCO,Moody's Corporation,515.5600,N/A for download,United States and Canada,NYSE
ITUB,Itaú Unibanco Holding S.A.,8.5900,N/A for download,United States and Canada,NYSE
NKE,NIKE Inc.,61.8100,N/A for download,United States and Canada,NYSE
MRSH,Marsh & McLennan Companies Inc.,188.1900,N/A for download,United States and Canada,NYSE
BCS,Barclays PLC,26.7500,N/A for download,United States and Canada,NYSE
UPS,United Parcel Service Inc.,106.2200,N/A for download,United States and Canada,NYSE
WM,Waste Management Inc.,222.2400,N/A for download,United States and Canada,NYSE
CVNA,Carvana Co.,401.1100,N/A for download,United States and Canada,NYSE
RCL,Royal Caribbean Cruises Ltd.,324.6500,N/A for download,United States and Canada,NYSE
LYG,Lloyds Banking Group plc,5.9700,N/A for download,United States and Canada,NYSE
SHW,The Sherwin-Williams Company,354.6400,N/A for download,United States and Canada,NYSE
USB,U.S. Bancorp,56.1100,N/A for download,United States and Canada,NYSE
PNC,The PNC Financial Services Group Inc.,223.3000,N/A for download,United States and Canada,NYSE
FCX,Freeport-McMoRan Inc.,60.2300,N/A for download,United States and Canada,NYSE
NU,Nu Holdings Ltd.,17.7500,N/A for download,United States and Canada,NYSE
CM,Canadian Imperial Bank of Commerce,92.3900,N/A for download,United States and Canada,NYSE
ING,ING Groep N.V.,29.3900,N/A for download,United States and Canada,NYSE
NGG,National Grid plc,85.2700,N/A for download,United States and Canada,NYSE
AMT,American Tower Corporation,179.2800,N/A for download,United States and Canada,NYSE
HWM,Howmet Aerospace Inc.,208.0800,N/A for download,United States and Canada,NYSE
GLW,Corning Incorporated,103.2500,N/A for download,United States and Canada,NYSE
EMR,Emerson Electric Co.,146.9600,N/A for download,United States and Canada,NYSE
BK,The Bank of New York Mellon Corporation,119.9200,N/A for download,United States and Canada,NYSE
WMB,The Williams Companies Inc.,67.2600,N/A for download,United States and Canada,NYSE
CRH,CRH plc,122.4100,N/A for download,United States and Canada,NYSE
MMM,3M Company,153.1600,N/A for download,United States and Canada,NYSE
TDG,TransDigm Group Incorporated,1427.5400,N/A for download,United States and Canada,NYSE
BAM,Brookfield Asset Management Ltd.,49.7100,N/A for download,United States and Canada,NYSE
CMI,Cummins Inc.,578.8200,N/A for download,United States and Canada,NYSE
ECL,Ecolab Inc.,281.9900,N/A for download,United States and Canada,NYSE
APO,Apollo Global Management Inc.,134.5400,N/A for download,United States and Canada,NYSE
CNQ,Canadian Natural Resources Limited,37.2100,N/A for download,United States and Canada,NYSE
B,Barrick Mining Corporation,45.7900,N/A for download,United States and Canada,NYSE
ELV,Elevance Health Inc.,345.7400,N/A for download,United States and Canada,NYSE
GM,General Motors Company,84.0000,N/A for download,United States and Canada,NYSE
DELL,Dell Technologies Inc.,114.4400,N/A for download,United States and Canada,NYSE
ITW,Illinois Tool Works Inc.,261.2600,N/A for download,United States and Canada,NYSE
FDX,FedEx Corporation,322.2500,N/A for download,United States and Canada,NYSE
DB,Deutsche Bank Aktiengesellschaft,39.2200,N/A for download,United States and Canada,NYSE
AON,Aon plc,349.6400,N/A for download,United States and Canada,NYSE
CI,The Cigna Group,274.1100,N/A for download,United States and Canada,NYSE
JCI,Johnson Controls International plc,119.2600,N/A for download,United States and Canada,NYSE
CL,Colgate-Palmolive Company,90.2900,N/A for download,United States and Canada,NYSE
NWG,NatWest Group plc,18.2300,N/A for download,United States and Canada,NYSE
INFY,Infosys Limited,17.5800,N/A for download,United States and Canada,NYSE
SLB,SLB N.V.,48.3800,N/A for download,United States and Canada,NYSE
SPG,Simon Property Group Inc.,191.3100,N/A for download,United States and Canada,NYSE
EPD,Enterprise Products Partners L.P.,33.1900,N/A for download,United States and Canada,NYSE
VRT,Vertiv Holdings Co,186.1800,N/A for download,United States and Canada,NYSE
PWR,Quanta Services Inc.,474.6300,N/A for download,United States and Canada,NYSE
COR,Cencora Inc.,359.2200,N/A for download,United States and Canada,NYSE
HLT,Hilton Worldwide Holdings Inc.,298.5100,N/A for download,United States and Canada,NYSE
SE,Sea Limited,116.4900,N/A for download,United States and Canada,NYSE
VALE,Vale S.A.,16.0700,N/A for download,United States and Canada,NYSE
KMI,Kinder Morgan Inc.,30.4900,N/A for download,United States and Canada,NYSE
MSI,Motorola Solutions Inc.,402.5400,N/A for download,United States and Canada,NYSE
CP,Canadian Pacific Kansas City Limited,74.3400,N/A for download,United States and Canada,NYSE
RSG,Republic Services Inc.,215.0900,N/A for download,United States and Canada,NYSE
EQNR,Equinor ASA,26.8500,N/A for download,United States and Canada,NYSE
SNOW,Snowflake Inc.,192.7000,N/A for download,United States and Canada,NYSE
TEL,TE Connectivity plc,222.7800,N/A for download,United States and Canada,NYSE
NSC,Norfolk Southern Corporation,291.2400,N/A for download,United States and Canada,NYSE
TFC,Truist Financial Corporation,51.4200,N/A for download,United States and Canada,NYSE
LHX,L3Harris Technologies Inc.,342.8500,N/A for download,United States and Canada,NYSE
AJG,Arthur J. Gallagher & Co.,249.3700,N/A for download,United States and Canada,NYSE
RELX,RELX PLC,35.8000,N/A for download,United States and Canada,NYSE
MFC,Manulife Financial Corporation,38.1100,N/A for download,United States and Canada,NYSE
SU,Suncor Energy Inc.,52.9700,N/A for download,United States and Canada,NYSE
ET,Energy Transfer LP,18.4500,N/A for download,United States and Canada,NYSE
NET,Cloudflare Inc.,177.3500,N/A for download,United States and Canada,NYSE
AMX,América Móvil S.A.B. de C.V.,20.7000,N/A for download,United States and Canada,NYSE
E,Eni S.p.A.,40.9200,N/A for download,United States and Canada,NYSE
TRV,The Travelers Companies Inc.,284.5100,N/A for download,United States and Canada,NYSE
AZO,AutoZone Inc.,3704.2900,N/A for download,United States and Canada,NYSE
EOG,EOG Resources Inc.,112.1300,N/A for download,United States and Canada,NYSE
APD,Air Products and Chemicals Inc.,272.5000,N/A for download,United States and Canada,NYSE
WPM,Wheaton Precious Metals Corp.,131.8700,N/A for download,United States and Canada,NYSE
CNI,Canadian National Railway Company,96.2200,N/A for download,United States and Canada,NYSE
RACE,Ferrari N.V.,333.1700,N/A for download,United States and Canada,NYSE
TRP,TC Energy Corporation,58.6700,N/A for download,United States and Canada,NYSE
AFL,Aflac Incorporated,110.9500,N/A for download,United States and Canada,NYSE
DLR,Digital Realty Trust Inc.,165.9500,N/A for download,United States and Canada,NYSE
BDX,Becton Dickinson and Company,203.4800,N/A for download,United States and Canada,NYSE
PSX,Phillips 66,143.5600,N/A for download,United States and Canada,NYSE
MPLX,MPLX LP,55.9000,N/A for download,United States and Canada,NYSE
SRE,Sempra,87.0100,N/A for download,United States and Canada,NYSE
O,Realty Income Corporation,61.1600,N/A for download,United States and Canada,NYSE
VLO,Valero Energy Corporation,181.4300,N/A for download,United States and Canada,NYSE
F,Ford Motor Company,13.8800,N/A for download,United States and Canada,NYSE
ZTS,Zoetis Inc.,124.8200,N/A for download,United States and Canada,NYSE
CCJ,Cameco Corporation,123.3900,N/A for download,United States and Canada,NYSE
VST,Vistra Corp.,158.3500,N/A for download,United States and Canada,NYSE
TAK,Takeda Pharmaceutical Company Limited,17.2300,N/A for download,United States and Canada,NYSE
MPC,Marathon Petroleum Corporation,176.1900,N/A for download,United States and Canada,NYSE
ALL,The Allstate Corporation,198.9900,N/A for download,United States and Canada,NYSE
MET,MetLife Inc.,78.8800,N/A for download,United States and Canada,NYSE
AME,AMETEK Inc.,223.9800,N/A for download,United States and Canada,NYSE
CMG,Chipotle Mexican Grill Inc.,38.8700,N/A for download,United States and Canada,NYSE
D,Dominion Energy Inc.,60.1700,N/A for download,United States and Canada,NYSE
GWW,W.W. Grainger Inc.,1079.9401,N/A for download,United States and Canada,NYSE
CAH,Cardinal Health Inc.,214.8800,N/A for download,United States and Canada,NYSE
DEO,Diageo plc,92.8000,N/A for download,United States and Canada,NYSE
RKT,Rocket Companies Inc.,17.9300,N/A for download,United States and Canada,NYSE
CARR,Carrier Global Corporation,59.5800,N/A for download,United States and Canada,NYSE
CBRE,CBRE Group Inc.,170.3300,N/A for download,United States and Canada,NYSE
OKE,ONEOK Inc.,79.1900,N/A for download,United States and Canada,NYSE
FERG,Ferguson Enterprises Inc.,252.4600,N/A for download,United States and Canada,NYSE
URI,United Rentals Inc.,782.0600,N/A for download,United States and Canada,NYSE
CTVA,Corteva Inc.,72.8000,N/A for download,United States and Canada,NYSE
ARES,Ares Management Corporation,149.6700,N/A for download,United States and Canada,NYSE
PSA,Public Storage,276.1900,N/A for download,United States and Canada,NYSE
AMP,Ameriprise Financial Inc.,527.1900,N/A for download,United States and Canada,NYSE
TGT,Target Corporation,105.4700,N/A for download,United States and Canada,NYSE
ROK,Rockwell Automation Inc.,421.6500,N/A for download,United States and Canada,NYSE
EW,Edwards Lifesciences Corporation,81.3600,N/A for download,United States and Canada,NYSE
GFI,Gold Fields Limited,50.1200,N/A for download,United States and Canada,NYSE
AU,AngloGold Ashanti plc,92.8700,N/A for download,United States and Canada,NYSE
HLN,Haleon plc,10.4700,N/A for download,United States and Canada,NYSE
RBLX,Roblox Corporation,65.7600,N/A for download,United States and Canada,NYSE
LNG,Cheniere Energy Inc.,211.5200,N/A for download,United States and Canada,NYSE
FNV,Franco-Nevada Corporation,234.3600,N/A for download,United States and Canada,NYSE
MSCI,MSCI Inc.,609.2200,N/A for download,United States and Canada,NYSE
OXY,Occidental Petroleum Corporation,45.3900,N/A for download,United States and Canada,NYSE
ABEV,Ambev S.A.,2.7800,N/A for download,United States and Canada,NYSE
ETR,Entergy Corporation,95.8900,N/A for download,United States and Canada,NYSE
YUM,Yum! Brands Inc.,155.5000,N/A for download,United States and Canada,NYSE
TRGP,Targa Resources Corp.,200.9800,N/A for download,United States and Canada,NYSE
DHI,D.R. Horton Inc.,148.8400,N/A for download,United States and Canada,NYSE
WCN,Waste Connections Inc.,167.6000,N/A for download,United States and Canada,NYSE
DAL,Delta Air Lines Inc.,65.8900,N/A for download,United States and Canada,NYSE
PUK,Prudential plc,32.9900,N/A for download,United States and Canada,NYSE
EL,The Estée Lauder Companies Inc.,115.2800,N/A for download,United States and Canada,NYSE
MT,ArcelorMittal S.A.,53.9700,N/A for download,United States and Canada,NYSE
CCL,Carnival Corporation & plc,30.0200,N/A for download,United States and Canada,NYSE
CUK,Carnival Corporation & plc,29.7900,N/A for download,United States and Canada,NYSE
PEG,Public Service Enterprise Group Incorporated,82.3600,N/A for download,United States and Canada,NYSE
ASX,ASE Technology Holding Co. Ltd.,18.9800,N/A for download,United States and Canada,NYSE
NUE,Nucor Corporation,177.7200,N/A for download,United States and Canada,NYSE
AIG,American International Group Inc.,74.8800,N/A for download,United States and Canada,NYSE
FIX,Comfort Systems USA Inc.,1142.1000,N/A for download,United States and Canada,NYSE
SYY,Sysco Corporation,83.8500,N/A for download,United States and Canada,NYSE
BBDO,Banco Bradesco S.A.,3.5800,N/A for download,United States and Canada,NYSE
BBD,Banco Bradesco S.A.,4.0500,N/A for download,United States and Canada,NYSE
KR,The Kroger Co.,62.8500,N/A for download,United States and Canada,NYSE
VMC,Vulcan Materials Company,300.5400,N/A for download,United States and Canada,NYSE
HEI,HEICO Corporation,330.9100,N/A for download,United States and Canada,NYSE
HEIA,HEICO Corporation,254.5900,N/A for download,United States and Canada,NYSE
ALC,Alcon Inc.,80.9800,N/A for download,United States and Canada,NYSE
TKO,TKO Group Holdings Inc.,202.5800,N/A for download,United States and Canada,NYSE
HSY,The Hershey Company,194.7500,N/A for download,United States and Canada,NYSE
WAB,Westinghouse Air Brake Technologies Corporation,230.1400,N/A for download,United States and Canada,NYSE
MLM,Martin Marietta Materials Inc.,651.9500,N/A for download,United States and Canada,NYSE
IQV,IQVIA Holdings Inc.,230.1500,N/A for download,United States and Canada,NYSE
HMC,Honda Motor Co. Ltd.,30.3300,N/A for download,United States and Canada,NYSE
TEVA,Teva Pharmaceutical Industries Limited,34.0800,N/A for download,United States and Canada,NYSE
PRU,Prudential Financial Inc.,111.1100,N/A for download,United States and Canada,NYSE
GRMN,Garmin Ltd.,201.6400,N/A for download,United States and Canada,NYSE
ED,Consolidated Edison Inc.,106.6300,N/A for download,United States and Canada,NYSE
KGC,Kinross Gold Corporation,31.5600,N/A for download,United States and Canada,NYSE
A,Agilent Technologies Inc.,133.8500,N/A for download,United States and Canada,NYSE
CCI,Crown Castle Inc.,86.8100,N/A for download,United States and Canada,NYSE
RMD,ResMed Inc.,258.3100,N/A for download,United States and Canada,NYSE
HIG,The Hartford Insurance Group Inc.,135.0600,N/A for download,United States and Canada,NYSE
CVE,Cenovus Energy Inc.,19.7200,N/A for download,United States and Canada,NYSE
KEYS,Keysight Technologies Inc.,216.3300,N/A for download,United States and Canada,NYSE
CPNG,Coupang Inc.,20.1600,N/A for download,United States and Canada,NYSE
VTR,Ventas Inc.,77.6700,N/A for download,United States and Canada,NYSE
STT,State Street Corporation,130.8600,N/A for download,United States and Canada,NYSE
XYZ,Block Inc.,60.4300,N/A for download,United States and Canada,NYSE
COHR,Coherent Corp.,212.1800,N/A for download,United States and Canada,NYSE
EQT,EQT Corporation,57.7300,N/A for download,United States and Canada,NYSE
NOK,Nokia Oyj,6.4300,N/A for download,United States and Canada,NYSE
WEC,WEC Energy Group Inc.,110.6700,N/A for download,United States and Canada,NYSE
BE,Bloom Energy Corporation,151.3700,N/A for download,United States and Canada,NYSE
LVS,Las Vegas Sands Corp.,52.7300,N/A for download,United States and Canada,NYSE
CIEN,Ciena Corporation,251.8100,N/A for download,United States and Canada,NYSE
SLF,Sun Life Financial Inc.,63.0400,N/A for download,United States and Canada,NYSE
FICO,Fair Isaac Corporation,1463.1700,N/A for download,United States and Canada,NYSE
RDDT,Reddit Inc.,180.2700,N/A for download,United States and Canada,NYSE
IR,Ingersoll Rand Inc.,86.0900,N/A for download,United States and Canada,NYSE
PCG,PG&E Corporation,15.4200,N/A for download,United States and Canada,NYSE
FMX,Fomento Económico Mexicano S.A.B. de C.V.,104.3600,N/A for download,United States and Canada,NYSE
LYV,Live Nation Entertainment Inc.,145.4500,N/A for download,United States and Canada,NYSE
MTB,M&T Bank Corporation,221.5700,N/A for download,United States and Canada,NYSE
WDS,Woodside Energy Group Ltd,17.6200,N/A for download,United States and Canada,NYSE
XYL,Xylem Inc.,137.8700,N/A for download,United States and Canada,NYSE
IX,ORIX Corporation,30.5300,N/A for download,United States and Canada,NYSE
VEEV,Veeva Systems Inc.,203.9200,N/A for download,United States and Canada,NYSE
UI,Ubiquiti Inc.,551.4200,N/A for download,United States and Canada,NYSE
KVUE,Kenvue Inc.,17.4000,N/A for download,United States and Canada,NYSE
OTIS,Otis Worldwide Corporation,85.4200,N/A for download,United States and Canada,NYSE
NTR,Nutrien Ltd.,68.8900,N/A for download,United States and Canada,NYSE
KB,KB Financial Group Inc.,93.9700,N/A for download,United States and Canada,NYSE
CHT,Chunghwa Telecom Co. Ltd.,42.4800,N/A for download,United States and Canada,NYSE
RJF,Raymond James Financial Inc.,165.8600,N/A for download,United States and Canada,NYSE
ADM,Archer-Daniels-Midland Company,67.3100,N/A for download,United States and Canada,NYSE
CLS,Celestica Inc.,280.9900,N/A for download,United States and Canada,NYSE
EME,EMCOR Group Inc.,720.7300,N/A for download,United States and Canada,NYSE
VIK,Viking Holdings Ltd,72.1500,N/A for download,United States and Canada,NYSE
DG,Dollar General Corporation,143.4300,N/A for download,United States and Canada,NYSE
EXR,Extra Space Storage Inc.,137.9700,N/A for download,United States and Canada,NYSE
ROL,Rollins Inc.,63.3400,N/A for download,United States and Canada,NYSE
QSR,Restaurant Brands International Inc.,66.9900,N/A for download,United States and Canada,NYSE
VICI,VICI Properties Inc.,28.0800,N/A for download,United States and Canada,NYSE
AXIA,AXIA Energia SA,10.3200,N/A for download,United States and Canada,NYSE
AXIAPR,AXIA Energia SA,10.8750,N/A for download,United States and Canada,NYSE
AXIAPRC,AXIA Energia SA,9.9750,N/A for download,United States and Canada,NYSE
NRG,NRG Energy Inc.,152.6300,N/A for download,United States and Canada,NYSE
TDY,Teledyne Technologies Incorporated,620.3000,N/A for download,United States and Canada,NYSE
AMRZ,Amrize AG,52.6200,N/A for download,United States and Canada,NYSE
FLUT,Flutter Entertainment plc,165.1500,N/A for download,United States and Canada,NYSE
HPE,Hewlett Packard Enterprise Company,21.5200,N/A for download,United States and Canada,NYSE
FIS,Fidelity National Information Services Inc.,55.2500,N/A for download,United States and Canada,NYSE
STLA,Stellantis N.V.,9.8700,N/A for download,United States and Canada,NYSE
BAP,Credicorp Ltd.,356.8300,N/A for download,United States and Canada,NYSE
HAL,Halliburton Company,33.5200,N/A for download,United States and Canada,NYSE
MTD,Mettler-Toledo International Inc.,1373.2400,N/A for download,United States and Canada,NYSE
AEE,Ameren Corporation,103.2800,N/A for download,United States and Canada,NYSE
DTE,DTE Energy Company,134.3800,N/A for download,United States and Canada,NYSE
DOV,Dover Corporation,201.4900,N/A for download,United States and Canada,NYSE
SHG,Shinhan Financial Group Co. Ltd.,58.3300,N/A for download,United States and Canada,NYSE
FE,FirstEnergy Corp.,47.3400,N/A for download,United States and Canada,NYSE
CQP,Cheniere Energy Partners L.P.,56.3900,N/A for download,United States and Canada,NYSE
IRM,Iron Mountain Incorporated,92.1300,N/A for download,United States and Canada,NYSE
PHG,Koninklijke Philips N.V.,28.7000,N/A for download,United States and Canada,NYSE
STZ,Constellation Brands Inc.,156.7000,N/A for download,United States and Canada,NYSE
WIT,Wipro Limited,2.5200,N/A for download,United States and Canada,NYSE
CFG,Citizens Financial Group Inc.,62.9800,N/A for download,United States and Canada,NYSE
ATO,Atmos Energy Corporation,166.3400,N/A for download,United States and Canada,NYSE
PPL,PPL Corporation,36.2500,N/A for download,United States and Canada,NYSE
NMR,Nomura Holdings Inc.,8.8700,N/A for download,United States and Canada,NYSE
LEN,Lennar Corporation,109.3500,N/A for download,United States and Canada,NYSE
LENB,Lennar Corporation,101.2600,N/A for download,United States and Canada,NYSE
FTS,Fortis Inc.,53.3300,N/A for download,United States and Canada,NYSE
TECK,Teck Resources Limited,53.7600,N/A for download,United States and Canada,NYSE
TME,Tencent Music Entertainment Group,16.7800,N/A for download,United States and Canada,NYSE
TPR,Tapestry Inc.,126.9100,N/A for download,United States and Canada,NYSE
PPG,PPG Industries Inc.,115.6300,N/A for download,United States and Canada,NYSE
ES,Eversource Energy,69.1300,N/A for download,United States and Canada,NYSE
HUBB,Hubbell Incorporated,487.9400,N/A for download,United States and Canada,NYSE
CNP,CenterPoint Energy Inc.,39.6900,N/A for download,United States and Canada,NYSE
WRB,W. R. Berkley Corporation,68.5800,N/A for download,United States and Canada,NYSE
KEP,Korea Electric Power Corporation,20.2100,N/A for download,United States and Canada,NYSE
BSBR,Banco Santander (Brasil) S.A.,6.9200,N/A for download,United States and Canada,NYSE
STE,STERIS plc,262.6000,N/A for download,United States and Canada,NYSE
EC,Ecopetrol S.A.,12.5700,N/A for download,United States and Canada,NYSE
MKL,Markel Group Inc.,2040.6398,N/A for download,United States and Canada,NYSE
SYF,Synchrony Financial,72.6300,N/A for download,United States and Canada,NYSE
DVN,Devon Energy Corporation,40.2100,N/A for download,United States and Canada,NYSE
AWK,American Water Works Company Inc.,129.1300,N/A for download,United States and Canada,NYSE
AVB,AvalonBay Communities Inc.,177.6700,N/A for download,United States and Canada,NYSE
STM,STMicroelectronics N.V.,27.8900,N/A for download,United States and Canada,NYSE
JBL,Jabil Inc.,237.1900,N/A for download,United States and Canada,NYSE
UMC,United Microelectronics Corporation,10.1800,N/A for download,United States and Canada,NYSE
RF,Regions Financial Corporation,28.5000,N/A for download,United States and Canada,NYSE
GIS,General Mills Inc.,46.2600,N/A for download,United States and Canada,NYSE
EFX,Equifax Inc.,201.4000,N/A for download,United States and Canada,NYSE
VLTO,Veralto Corporation,98.9800,N/A for download,United States and Canada,NYSE
LUV,Southwest Airlines Co.,47.5200,N/A for download,United States and Canada,NYSE
WSM,Williams-Sonoma Inc.,204.6500,N/A for download,United States and Canada,NYSE
PHM,PulteGroup Inc.,125.0900,N/A for download,United States and Canada,NYSE
EQR,Equity Residential,62.3200,N/A for download,United States and Canada,NYSE
OMC,Omnicom Group Inc.,77.0400,N/A for download,United States and Canada,NYSE
BRO,Brown & Brown Inc.,72.1000,N/A for download,United States and Canada,NYSE
CW,Curtiss-Wright Corporation,656.6900,N/A for download,United States and Canada,NYSE
PBA,Pembina Pipeline Corporation,41.5800,N/A for download,United States and Canada,NYSE
BCE,BCE Inc.,25.8600,N/A for download,United States and Canada,NYSE
LDOS,Leidos Holdings Inc.,188.2800,N/A for download,United States and Canada,NYSE
TPL,Texas Pacific Land Corporation,348.3600,N/A for download,United States and Canada,NYSE
VG,Venture Global Inc.,9.8000,N/A for download,United States and Canada,NYSE
EIX,Edison International,62.2800,N/A for download,United States and Canada,NYSE
AER,AerCap Holdings N.V.,143.6600,N/A for download,United States and Canada,NYSE
KEY,KeyCorp,21.5200,N/A for download,United States and Canada,NYSE
HUM,Humana Inc.,195.2000,N/A for download,United States and Canada,NYSE
CHD,Church & Dwight Co. Inc.,96.2500,N/A for download,United States and Canada,NYSE
TSN,Tyson Foods Inc.,65.3300,N/A for download,United States and Canada,NYSE
BR,Broadridge Financial Solutions Inc.,197.1100,N/A for download,United States and Canada,NYSE
PAAS,Pan American Silver Corp.,54.6000,N/A for download,United States and Canada,NYSE
PSTG,Pure Storage Inc.,69.5400,N/A for download,United States and Canada,NYSE
DRI,Darden Restaurants Inc.,199.3500,N/A for download,United States and Canada,NYSE
VIV,Telefônica Brasil S.A.,14.1800,N/A for download,United States and Canada,NYSE
FTI,TechnipFMC plc,55.7200,N/A for download,United States and Canada,NYSE
LH,Labcorp Holdings Inc.,271.5200,N/A for download,United States and Canada,NYSE
TS,Tenaris S.A.,44.3000,N/A for download,United States and Canada,NYSE
BCH,Banco de Chile,43.6300,N/A for download,United States and Canada,NYSE
WAT,Waters Corporation,370.7200,N/A for download,United States and Canada,NYSE
BG,Bunge Global SA,113.8800,N/A for download,United States and Canada,NYSE
CPAY,Corpay Inc.,314.6300,N/A for download,United States and Canada,NYSE
CTRA,Coterra Energy Inc.,28.8500,N/A for download,United States and Canada,NYSE
SQM,Sociedad Química y Minera de Chile S.A.,76.8400,N/A for download,United States and Canada,NYSE
KOF,Coca-Cola FEMSA S.A.B. de C.V.,104.2900,N/A for download,United States and Canada,NYSE
L,Loews Corporation,105.5700,N/A for download,United States and Canada,NYSE
CMS,CMS Energy Corporation,71.4900,N/A for download,United States and Canada,NYSE
SW,Smurfit Westrock Plc,41.6300,N/A for download,United States and Canada,NYSE
BEKE,KE Holdings Inc.,18.7200,N/A for download,United States and Canada,NYSE
TU,TELUS Corporation,13.9600,N/A for download,United States and Canada,NYSE
EXPD,Expeditors International of Washington Inc.,160.5400,N/A for download,United States and Canada,NYSE
RL,Ralph Lauren Corporation,353.4100,N/A for download,United States and Canada,NYSE
NVR,NVR Inc.,7635.7300,N/A for download,United States and Canada,NYSE
CNC,Centene Corporation,43.3200,N/A for download,United States and Canada,NYSE
IP,International Paper Company,40.3200,N/A for download,United States and Canada,NYSE
OWL,Blue Owl Capital Inc.,13.6400,N/A for download,United States and Canada,NYSE
TLK,Perusahaan Perseroan (Persero) PT Telekomunikasi Indonesia Tbk,21.1200,N/A for download,United States and Canada,NYSE
NI,NiSource Inc.,44.2900,N/A for download,United States and Canada,NYSE
RBA,RB Global Inc.,113.5700,N/A for download,United States and Canada,NYSE
DGX,Quest Diagnostics Incorporated,187.0300,N/A for download,United States and Canada,NYSE
CIB,Grupo Cibest S.A.,81.6500,N/A for download,United States and Canada,NYSE
RCI,Rogers Communications Inc.,37.8100,N/A for download,United States and Canada,NYSE
AMCR,Amcor plc,44.2500,N/A for download,United States and Canada,NYSE
IHG,InterContinental Hotels Group PLC,137.2400,N/A for download,United States and Canada,NYSE
AS,Amer Sports Inc.,36.6300,N/A for download,United States and Canada,NYSE
Q,Qnity Electronics Inc.,96.1800,N/A for download,United States and Canada,NYSE
GPN,Global Payments Inc.,71.7400,N/A for download,United States and Canada,NYSE
ALB,Albemarle Corporation,170.6300,N/A for download,United States and Canada,NYSE
PKG,Packaging Corporation of America,222.5500,N/A for download,United States and Canada,NYSE
DOW,Dow Inc.,27.5500,N/A for download,United States and Canada,NYSE
BEP,Brookfield Renewable Partners L.P.,29.8300,N/A for download,United States and Canada,NYSE
GPC,Genuine Parts Company,138.9900,N/A for download,United States and Canada,NYSE
SNA,Snap-on Incorporated,366.1100,N/A for download,United States and Canada,NYSE
SBS,Companhia de Saneamento Básico do Estado de São Paulo - SABESP,26.8600,N/A for download,United States and Canada,NYSE
BWXT,BWX Technologies Inc.,205.4300,N/A for download,United States and Canada,NYSE
MTZ,MasTec Inc.,240.4800,N/A for download,United States and Canada,NYSE
USFD,US Foods Holding Corp.,83.6200,N/A for download,United States and Canada,NYSE
LTM,LATAM Airlines Group S.A.,65.8100,N/A for download,United States and Canada,NYSE
WY,Weyerhaeuser Company,25.7800,N/A for download,United States and Canada,NYSE
SGI,Somnigroup International Inc.,87.8500,N/A for download,United States and Canada,NYSE
DD,DuPont de Nemours Inc.,43.9200,N/A for download,United States and Canada,NYSE
BURL,Burlington Stores Inc.,295.8600,N/A for download,United States and Canada,NYSE
TOST,Toast Inc.,31.1100,N/A for download,United States and Canada,NYSE
TWLO,Twilio Inc.,120.4600,N/A for download,United States and Canada,NYSE
GIB,CGI Inc.,85.7800,N/A for download,United States and Canada,NYSE
DKS,DICK'S Sporting Goods Inc.,202.0000,N/A for download,United States and Canada,NYSE
NVT,nVent Electric plc,112.2600,N/A for download,United States and Canada,NYSE
PKX,POSCO Holdings Inc.,59.3200,N/A for download,United States and Canada,NYSE
CX,CEMEX S.A.B. de C.V.,12.4800,N/A for download,United States and Canada,NYSE
APG,APi Group Corporation,41.5700,N/A for download,United States and Canada,NYSE
IFF,International Flavors & Fragrances Inc.,69.8100,N/A for download,United States and Canada,NYSE
HPQ,HP Inc.,19.4400,N/A for download,United States and Canada,NYSE
FN,Fabrinet,489.4400,N/A for download,United States and Canada,NYSE
JBS,JBS N.V.,15.7500,N/A for download,United States and Canada,NYSE
YUMC,Yum China Holdings Inc.,49.4200,N/A for download,United States and Canada,NYSE
DECK,Deckers Outdoor Corporation,119.3400,N/A for download,United States and Canada,NYSE
XPO,XPO Inc.,148.1100,N/A for download,United States and Canada,NYSE
LII,Lennox International Inc.,495.0800,N/A for download,United States and Canada,NYSE
ZTO,ZTO Express (Cayman) Inc.,21.9300,N/A for download,United States and Canada,NYSE
ZBH,Zimmer Biomet Holdings Inc.,87.0700,N/A for download,United States and Canada,NYSE
PNR,Pentair plc,105.3700,N/A for download,United States and Canada,NYSE
RS,Reliance Inc.,329.5000,N/A for download,United States and Canada,NYSE
XPEV,XPeng Inc.,17.9800,N/A for download,United States and Canada,NYSE
WES,Western Midstream Partners LP,41.4600,N/A for download,United States and Canada,NYSE
JLL,Jones Lang LaSalle Incorporated,357.9100,N/A for download,United States and Canada,NYSE
BIP,Brookfield Infrastructure Partners L.P.,36.1500,N/A for download,United States and Canada,NYSE
ESS,Essex Property Trust Inc.,251.8700,N/A for download,United States and Canada,NYSE
FTV,Fortive Corporation,52.8100,N/A for download,United States and Canada,NYSE
SN,SharkNinja Inc.,118.2000,N/A for download,United States and Canada,NYSE
THC,Tenet Healthcare Corporation,189.2800,N/A for download,United States and Canada,NYSE
WST,West Pharmaceutical Services Inc.,231.1200,N/A for download,United States and Canada,NYSE
MKCV,McCormick & Company Incorporated,61.6700,N/A for download,United States and Canada,NYSE
MKC,McCormick & Company Incorporated,61.8300,N/A for download,United States and Canada,NYSE
BSAC,Banco Santander-Chile,35.2200,N/A for download,United States and Canada,NYSE
HII,Huntington Ingalls Industries Inc.,420.5100,N/A for download,United States and Canada,NYSE
INVH,Invitation Homes Inc.,26.7300,N/A for download,United States and Canada,NYSE
APTV,Aptiv PLC,75.7500,N/A for download,United States and Canada,NYSE
ATI,ATI Inc.,120.3000,N/A for download,United States and Canada,NYSE
NLY,Annaly Capital Management Inc.,23.0100,N/A for download,United States and Canada,NYSE
YPF,YPF Sociedad Anónima,39.7900,N/A for download,United States and Canada,NYSE
IOT,Samsara Inc.,28.0500,N/A for download,United States and Canada,NYSE
MAA,Mid-America Apartment Communities Inc.,134.3000,N/A for download,United States and Canada,NYSE
SUI,Sun Communities Inc.,127.4300,N/A for download,United States and Canada,NYSE
CRBG,Corebridge Financial Inc.,30.8300,N/A for download,United States and Canada,NYSE
J,Jacobs Solutions Inc.,135.2600,N/A for download,United States and Canada,NYSE
TYL,Tyler Technologies Inc.,369.4000,N/A for download,United States and Canada,NYSE
CRS,Carpenter Technology Corporation,317.8300,N/A for download,United States and Canada,NYSE
LYB,LyondellBasell Industries N.V.,49.0000,N/A for download,United States and Canada,NYSE
RBC,RBC Bearings Incorporated,499.6700,N/A for download,United States and Canada,NYSE
ITT,ITT Inc.,182.3000,N/A for download,United States and Canada,NYSE
QXO,QXO Inc.,22.1800,N/A for download,United States and Canada,NYSE
AGI,Alamos Gold Inc.,36.9000,N/A for download,United States and Canada,NYSE
TXT,Textron Inc.,88.0600,N/A for download,United States and Canada,NYSE
RTO,Rentokil Initial plc,31.5100,N/A for download,United States and Canada,NYSE
GFL,GFL Environmental Inc.,42.9500,N/A for download,United States and Canada,NYSE
TRU,TransUnion,79.0200,N/A for download,United States and Canada,NYSE
WPC,W. P. Carey Inc.,69.7500,N/A for download,United States and Canada,NYSE
WF,Woori Financial Group Inc.,62.0800,N/A for download,United States and Canada,NYSE
BALL,Ball Corporation,56.8700,N/A for download,United States and Canada,NYSE
MLI,Mueller Industries Inc.,136.1400,N/A for download,United States and Canada,NYSE
IT,Gartner Inc.,209.6100,N/A for download,United States and Canada,NYSE
ONON,On Holding AG,45.2500,N/A for download,United States and Canada,NYSE
HL,Hecla Mining Company,22.5200,N/A for download,United States and Canada,NYSE
CRCL,Circle Internet Group Inc.,63.9300,N/A for download,United States and Canada,NYSE
ULS,UL Solutions Inc.,70.2300,N/A for download,United States and Canada,NYSE
PFGC,Performance Food Group Company,95.4500,N/A for download,United States and Canada,NYSE
EMA,Emera Incorporated,49.5600,N/A for download,United States and Canada,NYSE
PINS,Pinterest Inc.,22.1300,N/A for download,United States and Canada,NYSE
IEX,IDEX Corporation,198.5500,N/A for download,United States and Canada,NYSE
H,Hyatt Hotels Corporation,156.3700,N/A for download,United States and Canada,NYSE
AA,Alcoa Corporation,56.8100,N/A for download,United States and Canada,NYSE
FNF,Fidelity National Financial Inc.,54.3900,N/A for download,United States and Canada,NYSE
WSO,Watsco Inc.,386.4500,N/A for download,United States and Canada,NYSE
WSOB,Watsco Inc.,385.3350,N/A for download,United States and Canada,NYSE
HUBS,HubSpot Inc.,280.0000,N/A for download,United States and Canada,NYSE
CF,CF Industries Holdings Inc.,93.2300,N/A for download,United States and Canada,NYSE
SNN,Smith & Nephew plc,34.1400,N/A for download,United States and Canada,NYSE
GGG,Graco Inc.,87.3300,N/A for download,United States and Canada,NYSE
MGA,Magna International Inc.,51.1400,N/A for download,United States and Canada,NYSE
AVY,Avery Dennison Corporation,185.5100,N/A for download,United States and Canada,NYSE
PNFP,Pinnacle Financial Partners Inc.,95.0900,N/A for download,United States and Canada,NYSE
KIM,Kimco Realty Corporation,21.0800,N/A for download,United States and Canada,NYSE
ALLE,Allegion plc,165.3900,N/A for download,United States and Canada,NYSE
CSL,Carlisle Companies Incorporated,340.8900,N/A for download,United States and Canada,NYSE
IONQ,IonQ Inc.,39.9800,N/A for download,United States and Canada,NYSE
BEPC,Brookfield Renewable Corporation,41.6400,N/A for download,United States and Canada,NYSE
WCC,WESCO International Inc.,289.4300,N/A for download,United States and Canada,NYSE
BNT,Brookfield Wealth Solutions Ltd.,45.6300,N/A for download,United States and Canada,NYSE
PEN,Penumbra Inc.,358.1700,N/A for download,United States and Canada,NYSE
HMY,Harmony Gold Mining Company Limited,21.3400,N/A for download,United States and Canada,NYSE
EVR,Evercore Inc.,353.2700,N/A for download,United States and Canada,NYSE
EG,Everest Group Ltd.,331.2800,N/A for download,United States and Canada,NYSE
CLH,Clean Harbors Inc.,259.9100,N/A for download,United States and Canada,NYSE
PAC,Grupo Aeroportuario del Pacífico S.A.B. de C.V.,274.9100,N/A for download,United States and Canada,NYSE
BEN,Franklin Resources Inc.,26.6200,N/A for download,United States and Canada,NYSE
CLX,The Clorox Company,112.7900,N/A for download,United States and Canada,NYSE
KRMN,Karman Holdings Inc.,103.8000,N/A for download,United States and Canada,NYSE
TOL,Toll Brothers Inc.,144.4900,N/A for download,United States and Canada,NYSE
MAS,Masco Corporation,66.0900,N/A for download,United States and Canada,NYSE
CACI,CACI International Inc,620.5800,N/A for download,United States and Canada,NYSE
RPM,RPM International Inc.,106.9600,N/A for download,United States and Canada,NYSE
BBY,Best Buy Co. Inc.,65.1000,N/A for download,United States and Canada,NYSE
GDDY,GoDaddy Inc.,100.5200,N/A for download,United States and Canada,NYSE
HRL,Hormel Foods Corporation,24.6100,N/A for download,United States and Canada,NYSE
W,Wayfair Inc.,103.4900,N/A for download,United States and Canada,NYSE
UDR,UDR Inc.,37.1500,N/A for download,United States and Canada,NYSE
OHI,Omega Healthcare Investors Inc.,43.8800,N/A for download,United States and Canada,NYSE
CNH,CNH Industrial N.V.,10.7600,N/A for download,United States and Canada,NYSE
JHX,James Hardie Industries plc,22.9900,N/A for download,United States and Canada,NYSE
PR,Permian Resources Corporation,16.1300,N/A for download,United States and Canada,NYSE
SOLV,Solventum Corporation,76.9700,N/A for download,United States and Canada,NYSE
RGA,Reinsurance Group of America Incorporated,202.7500,N/A for download,United States and Canada,NYSE
EQH,Equitable Holdings Inc.,46.4000,N/A for download,United States and Canada,NYSE
AMH,American Homes 4 Rent,31.3200,N/A for download,United States and Canada,NYSE
EMBJ,Embraer S.A.,73.4600,N/A for download,United States and Canada,NYSE
CDE,Coeur Mining Inc.,20.4400,N/A for download,United States and Canada,NYSE
BLD,TopBuild Corp.,468.0500,N/A for download,United States and Canada,NYSE
ALLY,Ally Financial Inc.,42.2800,N/A for download,United States and Canada,NYSE
RNR,RenaissanceRe Holdings Ltd.,281.7000,N/A for download,United States and Canada,NYSE
CNA,CNA Financial Corporation,47.8600,N/A for download,United States and Canada,NYSE
SBSW,Sibanye Stillwater Limited,16.8800,N/A for download,United States and Canada,NYSE
FIG,Figma Inc.,25.9200,N/A for download,United States and Canada,NYSE
DTM,DT Midstream Inc.,126.0200,N/A for download,United States and Canada,NYSE
SNX,TD SYNNEX Corporation,158.6700,N/A for download,United States and Canada,NYSE
BFB,Brown-Forman Corporation,27.3700,N/A for download,United States and Canada,NYSE
BFA,Brown-Forman Corporation,27.8300,N/A for download,United States and Canada,NYSE
RYAN,Ryan Specialty Holdings Inc.,48.2800,N/A for download,United States and Canada,NYSE
UNM,Unum Group,75.9700,N/A for download,United States and Canada,NYSE
ELS,Equity LifeStyle Properties Inc.,63.1700,N/A for download,United States and Canada,NYSE
BLDR,Builders FirstSource Inc.,114.4000,N/A for download,United States and Canada,NYSE
JEF,Jefferies Financial Group Inc.,61.1800,N/A for download,United States and Canada,NYSE
UHS,Universal Health Services Inc.,201.2600,N/A for download,United States and Canada,NYSE
SF,Stifel Financial Corp.,123.3000,N/A for download,United States and Canada,NYSE
FMS,Fresenius Medical Care AG,22.7000,N/A for download,United States and Canada,NYSE
ACM,AECOM,96.4300,N/A for download,United States and Canada,NYSE
U,Unity Software Inc.,29.1000,N/A for download,United States and Canada,NYSE
OKLO,Oklo Inc.,79.6200,N/A for download,United States and Canada,NYSE
RVTY,Revvity Inc.,108.8000,N/A for download,United States and Canada,NYSE
DOC,Healthpeak Properties Inc.,17.2400,N/A for download,United States and Canada,NYSE
SWK,Stanley Black & Decker Inc.,78.6600,N/A for download,United States and Canada,NYSE
GMED,Globus Medical Inc.,90.6800,N/A for download,United States and Canada,NYSE
IVZ,Invesco Ltd.,27.2900,N/A for download,United States and Canada,NYSE
BJ,BJ's Wholesale Club Holdings Inc.,92.4400,N/A for download,United States and Canada,NYSE
CHWY,Chewy Inc.,29.1100,N/A for download,United States and Canada,NYSE
GWRE,Guidewire Software Inc.,140.7600,N/A for download,United States and Canada,NYSE
ELAN,Elanco Animal Health Incorporated,24.0800,N/A for download,United States and Canada,NYSE
CCK,Crown Holdings Inc.,104.6800,N/A for download,United States and Canada,NYSE
AIZ,Assurant Inc.,238.1300,N/A for download,United States and Canada,NYSE
SNAP,Snap Inc.,6.9300,N/A for download,United States and Canada,NYSE
NYT,The New York Times Company,73.3100,N/A for download,United States and Canada,NYSE
NIO,NIO Inc.,4.7000,N/A for download,United States and Canada,NYSE
FHN,First Horizon Corporation,24.4900,N/A for download,United States and Canada,NYSE
WMS,Advanced Drainage Systems Inc.,152.0400,N/A for download,United States and Canada,NYSE
CPT,Camden Property Trust,109.0500,N/A for download,United States and Canada,NYSE
DCI,Donaldson Company Inc.,101.9400,N/A for download,United States and Canada,NYSE
AEG,Aegon Ltd.,7.7900,N/A for download,United States and Canada,NYSE
HLI,Houlihan Lokey Inc.,168.3200,N/A for download,United States and Canada,NYSE
SUZ,Suzano S.A.,9.3700,N/A for download,United States and Canada,NYSE
EPAM,EPAM Systems Inc.,208.6000,N/A for download,United States and Canada,NYSE
DT,Dynatrace Inc.,38.0900,N/A for download,United States and Canada,NYSE
BXP,BXP Inc.,64.6700,N/A for download,United States and Canada,NYSE
CMA,Comerica Incorporated,88.6700,N/A for download,United States and Canada,NYSE
STN,Stantec Inc.,99.0800,N/A for download,United States and Canada,NYSE
SCI,Service Corporation International,80.4300,N/A for download,United States and Canada,NYSE
AR,Antero Resources Corporation,36.3700,N/A for download,United States and Canada,NYSE
PNW,Pinnacle West Capital Corporation,93.5600,N/A for download,United States and Canada,NYSE
RBRK,Rubrik Inc.,55.9500,N/A for download,United States and Canada,NYSE
SJM,The J. M. Smucker Company,104.8600,N/A for download,United States and Canada,NYSE
GL,Globe Life Inc.,140.2200,N/A for download,United States and Canada,NYSE
TIMB,TIM S.A.,23.3000,N/A for download,United States and Canada,NYSE
DAY,Dayforce Inc.,69.2700,N/A for download,United States and Canada,NYSE
RDY,Dr. Reddy's Laboratories Limited,13.4200,N/A for download,United States and Canada,NYSE
QGEN,Qiagen N.V.,53.6700,N/A for download,United States and Canada,NYSE
OVV,Ovintiv Inc.,43.4700,N/A for download,United States and Canada,NYSE
WTRG,Essential Utilities Inc.,38.7900,N/A for download,United States and Canada,NYSE
DY,Dycom Industries Inc.,364.3900,N/A for download,United States and Canada,NYSE
MICC,The Magnum Ice Cream Company N.V.,17.7500,N/A for download,United States and Canada,NYSE
AFG,American Financial Group Inc.,130.2700,N/A for download,United States and Canada,NYSE
SUN,Sunoco LP,57.5800,N/A for download,United States and Canada,NYSE
RRX,Regal Rexnord Corporation,161.5000,N/A for download,United States and Canada,NYSE
GME,GameStop Corp.,23.8800,N/A for download,United States and Canada,NYSE
BAH,Booz Allen Hamilton Holding Corporation,88.4200,N/A for download,United States and Canada,NYSE
SKM,SK Telecom Co. Ltd.,28.1900,N/A for download,United States and Canada,NYSE
WBS,Webster Financial Corporation,65.7700,N/A for download,United States and Canada,NYSE
CR,Crane Company,182.6400,N/A for download,United States and Canada,NYSE
IAG,IAMGOLD Corporation,18.1800,N/A for download,United States and Canada,NYSE
AES,The AES Corporation,14.6500,N/A for download,United States and Canada,NYSE
CNM,Core & Main Inc.,53.3600,N/A for download,United States and Canada,NYSE
MP,MP Materials Corp.,58.7700,N/A for download,United States and Canada,NYSE
GAP,The Gap Inc.,27.9800,N/A for download,United States and Canada,NYSE
SPXC,SPX Technologies Inc.,208.4100,N/A for download,United States and Canada,NYSE
ASR,Grupo Aeroportuario del Sureste S. A. B. de C. V.,345.1300,N/A for download,United States and Canada,NYSE
CRL,Charles River Laboratories International Inc.,210.4800,N/A for download,United States and Canada,NYSE
YMM,Full Truck Alliance Co. Ltd.,9.9000,N/A for download,United States and Canada,NYSE
PAG,Penske Automotive Group Inc.,156.7900,N/A for download,United States and Canada,NYSE
BAX,Baxter International Inc.,20.0700,N/A for download,United States and Canada,NYSE
CAE,CAE Inc.,32.0400,N/A for download,United States and Canada,NYSE
SARO,StandardAero Inc.,30.8900,N/A for download,United States and Canada,NYSE
AOS,A. O. Smith Corporation,73.4900,N/A for download,United States and Canada,NYSE
AG,First Majestic Silver Corp.,20.8400,N/A for download,United States and Canada,NYSE
WLK,Westlake Corporation,79.3200,N/A for download,United States and Canada,NYSE
UHALB,U-Haul Holding Company,51.3260,N/A for download,United States and Canada,NYSE
UHAL,U-Haul Holding Company,56.5500,N/A for download,United States and Canada,NYSE
SSB,SouthState Bank Corporation,102.3300,N/A for download,United States and Canada,NYSE
BWA,BorgWarner Inc.,47.4100,N/A for download,United States and Canada,NYSE
ARMK,Aramark,38.4900,N/A for download,United States and Canada,NYSE
ONTO,Onto Innovation Inc.,202.0500,N/A for download,United States and Canada,NYSE
NCLH,Norwegian Cruise Line Holdings Ltd.,21.9600,N/A for download,United States and Canada,NYSE
WTS,Watts Water Technologies Inc.,299.3100,N/A for download,United States and Canada,NYSE
FLS,Flowserve Corporation,78.1500,N/A for download,United States and Canada,NYSE
GNRC,Generac Holdings Inc.,168.0400,N/A for download,United States and Canada,NYSE
OC,Owens Corning,119.8400,N/A for download,United States and Canada,NYSE
REXR,Rexford Industrial Realty Inc.,40.5300,N/A for download,United States and Canada,NYSE
MOD,Modine Manufacturing Company,184.6600,N/A for download,United States and Canada,NYSE
AIT,Applied Industrial Technologies Inc.,260.4100,N/A for download,United States and Canada,NYSE
GIL,Gildan Activewear Inc.,64.9800,N/A for download,United States and Canada,NYSE
EGP,EastGroup Properties Inc.,181.6400,N/A for download,United States and Canada,NYSE
BROS,Dutch Bros Inc.,54.3900,N/A for download,United States and Canada,NYSE
MOGA,Moog Inc.,305.3500,N/A for download,United States and Canada,NYSE
MOGB,Moog Inc.,306.6950,N/A for download,United States and Canada,NYSE
JOBY,Joby Aviation Inc.,10.5700,N/A for download,United States and Canada,NYSE
WAL,Western Alliance Bancorporation,89.1500,N/A for download,United States and Canada,NYSE
EDU,New Oriental Education & Technology Group Inc.,60.3800,N/A for download,United States and Canada,NYSE
DINO,HF Sinclair Corporation,51.9900,N/A for download,United States and Canada,NYSE
ORI,Old Republic International Corporation,39.1700,N/A for download,United States and Canada,NYSE
EHC,Encompass Health Corporation,94.5300,N/A for download,United States and Canada,NYSE
TAP,Molson Coors Beverage Company,48.0400,N/A for download,United States and Canada,NYSE
TAPA,Molson Coors Beverage Company,49.0500,N/A for download,United States and Canada,NYSE
DDS,Dillard's Inc.,607.5600,N/A for download,United States and Canada,NYSE
ARE,Alexandria Real Estate Equities Inc.,54.6400,N/A for download,United States and Canada,NYSE
KT,KT Corporation,20.9200,N/A for download,United States and Canada,NYSE
FDS,FactSet Research Systems Inc.,254.3600,N/A for download,United States and Canada,NYSE
AYI,Acuity Inc.,309.2400,N/A for download,United States and Canada,NYSE
HBM,Hudbay Minerals Inc.,23.6800,N/A for download,United States and Canada,NYSE
GTLS,Chart Industries Inc.,207.3400,N/A for download,United States and Canada,NYSE
MOH,Molina Healthcare Inc.,179.5900,N/A for download,United States and Canada,NYSE
KNSL,Kinsale Capital Group Inc.,395.8800,N/A for download,United States and Canada,NYSE
MGM,MGM Resorts International,33.5400,N/A for download,United States and Canada,NYSE
OSK,Oshkosh Corporation,143.8200,N/A for download,United States and Canada,NYSE
ALV,Autoliv Inc.,121.2400,N/A for download,United States and Canada,NYSE
ALSN,Allison Transmission Holdings Inc.,108.7000,N/A for download,United States and Canada,NYSE
LUMN,Lumen Technologies Inc.,8.8200,N/A for download,United States and Canada,NYSE
OGE,OGE Energy Corp.,43.6800,N/A for download,United States and Canada,NYSE
RRC,Range Resources Corporation,37.8500,N/A for download,United States and Canada,NYSE
AM,Antero Midstream Corporation,18.8200,N/A for download,United States and Canada,NYSE
TTC,The Toro Company,91.5000,N/A for download,United States and Canada,NYSE
KNX,Knight-Swift Transportation Holdings Inc.,55.1000,N/A for download,United States and Canada,NYSE
CLF,Cleveland-Cliffs Inc.,13.7600,N/A for download,United States and Canada,NYSE
CAG,Conagra Brands Inc.,18.5100,N/A for download,United States and Canada,NYSE
TFII,TFI International Inc.,107.5500,N/A for download,United States and Canada,NYSE
CFR,Cullen/Frost Bankers Inc.,137.8200,N/A for download,United States and Canada,NYSE
AMG,Affiliated Managers Group Inc.,313.0900,N/A for download,United States and Canada,NYSE
PCOR,Procore Technologies Inc.,56.4900,N/A for download,United States and Canada,NYSE
FRT,Federal Realty Investment Trust,101.1600,N/A for download,United States and Canada,NYSE
VMI,Valmont Industries Inc.,445.5600,N/A for download,United States and Canada,NYSE
MOS,The Mosaic Company,27.5000,N/A for download,United States and Canada,NYSE
AMTM,Amentum Holdings Inc.,35.7800,N/A for download,United States and Canada,NYSE
KLAR,Klarna Group plc,23.0700,N/A for download,United States and Canada,NYSE
BVN,Compañía de Minas Buenaventura S.A.A.,34.2600,N/A for download,United States and Canada,NYSE
UGI,UGI Corporation,40.1100,N/A for download,United States and Canada,NYSE
EGO,Eldorado Gold Corporation,42.9200,N/A for download,United States and Canada,NYSE
CUBE,CubeSmart,37.5300,N/A for download,United States and Canada,NYSE
ACI,Albertsons Companies Inc.,16.6500,N/A for download,United States and Canada,NYSE
CMC,Commercial Metals Company,76.8700,N/A for download,United States and Canada,NYSE
AGCO,AGCO Corporation,113.4100,N/A for download,United States and Canada,NYSE
AHR,American Healthcare REIT Inc.,46.9100,N/A for download,United States and Canada,NYSE
VIPS,Vipshop Holdings Limited,17.1100,N/A for download,United States and Canada,NYSE
PRI,Primerica Inc.,263.0400,N/A for download,United States and Canada,NYSE
PL,Planet Labs PBC,24.9700,N/A for download,United States and Canada,NYSE
CTRE,CareTrust REIT Inc.,37.3400,N/A for download,United States and Canada,NYSE
ADC,Agree Realty Corporation,72.2300,N/A for download,United States and Canada,NYSE
PSO,Pearson plc,13.1600,N/A for download,United States and Canada,NYSE
NXE,NexGen Energy Ltd.,12.5700,N/A for download,United States and Canada,NYSE
TX,Ternium S.A.,41.8400,N/A for download,United States and Canada,NYSE
BRX,Brixmor Property Group Inc.,26.7900,N/A for download,United States and Canada,NYSE
ATR,AptarGroup Inc.,124.9500,N/A for download,United States and Canada,NYSE
JBTM,JBT Marel Corporation,157.3100,N/A for download,United States and Canada,NYSE
JXN,Jackson Financial Inc.,118.9200,N/A for download,United States and Canada,NYSE
BIOB,Bio-Rad Laboratories Inc.,291.8200,N/A for download,United States and Canada,NYSE
BIO,Bio-Rad Laboratories Inc.,293.7000,N/A for download,United States and Canada,NYSE
PRIM,Primoris Services Corporation,148.2500,N/A for download,United States and Canada,NYSE
GGB,Gerdau S.A.,4.2700,N/A for download,United States and Canada,NYSE
NFG,National Fuel Gas Company,83.7500,N/A for download,United States and Canada,NYSE
AXS,AXIS Capital Holdings Limited,103.1800,N/A for download,United States and Canada,NYSE
AWI,Armstrong World Industries Inc.,183.7400,N/A for download,United States and Canada,NYSE
FR,First Industrial Realty Trust Inc.,58.0300,N/A for download,United States and Canada,NYSE
MUSA,Murphy USA Inc.,422.5100,N/A for download,United States and Canada,NYSE
NNN,NNN REIT Inc.,41.6700,N/A for download,United States and Canada,NYSE
LNC,Lincoln National Corporation,41.6100,N/A for download,United States and Canada,NYSE
EMN,Eastman Chemical Company,69.3200,N/A for download,United States and Canada,NYSE
CADE,Cadence Bank,42.1100,N/A for download,United States and Canada,NYSE
UWMC,UWM Holdings Corporation,4.9100,N/A for download,United States and Canada,NYSE
QBTS,D-Wave Quantum Inc.,21.2200,N/A for download,United States and Canada,NYSE
LAD,Lithia Motors Inc.,323.4400,N/A for download,United States and Canada,NYSE
IBP,Installed Building Products Inc.,288.1400,N/A for download,United States and Canada,NYSE
LEVI,Levi Strauss & Co.,19.8800,N/A for download,United States and Canada,NYSE
TAL,TAL Education Group,12.7000,N/A for download,United States and Canada,NYSE
R,Ryder System Inc.,191.2800,N/A for download,United States and Canada,NYSE
DVA,DaVita Inc.,109.3400,N/A for download,United States and Canada,NYSE
ZWS,Zurn Elkay Water Solutions Corporation,46.1100,N/A for download,United States and Canada,NYSE
OMF,OneMain Holdings Inc.,65.5400,N/A for download,United States and Canada,NYSE
VFC,V.F. Corporation,19.5900,N/A for download,United States and Canada,NYSE
G,Genpact Limited,44.1000,N/A for download,United States and Canada,NYSE
ORA,Ormat Technologies Inc.,124.9400,N/A for download,United States and Canada,NYSE
PLNT,Planet Fitness Inc.,91.0400,N/A for download,United States and Canada,NYSE
INGR,Ingredion Incorporated,118.1000,N/A for download,United States and Canada,NYSE
AN,AutoNation Inc.,204.9800,N/A for download,United States and Canada,NYSE
PSN,Parsons Corporation,70.0600,N/A for download,United States and Canada,NYSE
AVTR,Avantor Inc.,10.9200,N/A for download,United States and Canada,NYSE
FLR,Fluor Corporation,46.1900,N/A for download,United States and Canada,NYSE
ELPC,Companhia Paranaense de Energia - COPEL,10.1400,N/A for download,United States and Canada,NYSE
JHG,Janus Henderson Group plc,48.1300,N/A for download,United States and Canada,NYSE
OR,OR Royalties Inc.,39.4400,N/A for download,United States and Canada,NYSE
PAYC,Paycom Software Inc.,134.7500,N/A for download,United States and Canada,NYSE
HESM,Hess Midstream LP,35.4700,N/A for download,United States and Canada,NYSE
BBU,Brookfield Business Partners L.P.,35.0200,N/A for download,United States and Canada,NYSE
ESAB,ESAB Corporation,121.1000,N/A for download,United States and Canada,NYSE
SSD,Simpson Manufacturing Co. Inc.,176.7800,N/A for download,United States and Canada,NYSE
MHK,Mohawk Industries Inc.,118.3800,N/A for download,United States and Canada,NYSE
VOYA,Voya Financial Inc.,76.6600,N/A for download,United States and Canada,NYSE
AL,Air Lease Corporation,64.6300,N/A for download,United States and Canada,NYSE
DAR,Darling Ingredients Inc.,45.6600,N/A for download,United States and Canada,NYSE
CWENA,Clearway Energy Inc.,33.8020,N/A for download,United States and Canada,NYSE
CWEN,Clearway Energy Inc.,36.1500,N/A for download,United States and Canada,NYSE
IDA,IDACORP Inc.,132.7900,N/A for download,United States and Canada,NYSE
AXTA,Axalta Coating Systems Ltd.,33.5800,N/A for download,United States and Canada,NYSE
CRK,Comstock Resources Inc.,24.3500,N/A for download,United States and Canada,NYSE
FND,Floor & Decor Holdings Inc.,65.9600,N/A for download,United States and Canada,NYSE
PJT,PJT Partners Inc.,173.0300,N/A for download,United States and Canada,NYSE
CWAN,Clearwater Analytics Holdings Inc.,24.0900,N/A for download,United States and Canada,NYSE
STAG,STAG Industrial Inc.,37.5100,N/A for download,United States and Canada,NYSE
DOCS,Doximity Inc.,37.4700,N/A for download,United States and Canada,NYSE
COMP,Compass Inc.,12.5200,N/A for download,United States and Canada,NYSE
ESI,Element Solutions Inc,29.1000,N/A for download,United States and Canada,NYSE
CAVA,CAVA Group Inc.,60.6200,N/A for download,United States and Canada,NYSE
TFPM,Triple Flag Precious Metals Corp.,33.7200,N/A for download,United States and Canada,NYSE
ESTC,Elastic N.V.,65.9300,N/A for download,United States and Canada,NYSE
BIRK,Birkenstock Holding plc,37.7600,N/A for download,United States and Canada,NYSE
MSA,MSA Safety Incorporated,177.1500,N/A for download,United States and Canada,NYSE
PRMB,Primo Brands Corporation,18.9400,N/A for download,United States and Canada,NYSE
ICL,ICL Group Ltd,5.3500,N/A for download,United States and Canada,NYSE
CIG,Companhia Energética de Minas Gerais - CEMIG,2.1500,N/A for download,United States and Canada,NYSE
CIGC,Companhia Energética de Minas Gerais - CEMIG,2.8400,N/A for download,United States and Canada,NYSE
EAT,Brinker International Inc.,157.7200,N/A for download,United States and Canada,NYSE
GKOS,Glaukos Corporation,119.3800,N/A for download,United States and Canada,NYSE
ARW,Arrow Electronics Inc.,132.4900,N/A for download,United States and Canada,NYSE
MSGS,Madison Square Garden Sports Corp.,283.5500,N/A for download,United States and Canada,NYSE
GPGI,GPGI Inc.,23.5700,N/A for download,United States and Canada,NYSE
PATH,UiPath Inc.,12.5900,N/A for download,United States and Canada,NYSE
PB,Prosperity Bancshares Inc.,69.0100,N/A for download,United States and Canada,NYSE
BMA,Banco Macro S.A.,101.9000,N/A for download,United States and Canada,NYSE
KVYO,Klaviyo Inc.,22.2100,N/A for download,United States and Canada,NYSE
NOV,NOV Inc.,18.3500,N/A for download,United States and Canada,NYSE
VNO,Vornado Realty Trust,31.8800,N/A for download,United States and Canada,NYSE
ENS,EnerSys,180.1900,N/A for download,United States and Canada,NYSE
STWD,Starwood Property Trust Inc.,17.9300,N/A for download,United States and Canada,NYSE
KNTK,Kinetik Holdings Inc.,40.9100,N/A for download,United States and Canada,NYSE
BYD,Boyd Gaming Corporation,84.5400,N/A for download,United States and Canada,NYSE
HXL,Hexcel Corporation,82.8100,N/A for download,United States and Canada,NYSE
GBCI,Glacier Bancorp Inc.,50.6800,N/A for download,United States and Canada,NYSE
FSS,Federal Signal Corporation,108.0900,N/A for download,United States and Canada,NYSE
ADT,ADT Inc.,8.0000,N/A for download,United States and Canada,NYSE
FBIN,Fortune Brands Innovations Inc.,54.1000,N/A for download,United States and Canada,NYSE
TKR,The Timken Company,93.1900,N/A for download,United States and Canada,NYSE
GATX,GATX Corporation,181.9100,N/A for download,United States and Canada,NYSE
LMND,Lemonade Inc.,86.7300,N/A for download,United States and Canada,NYSE
GXO,GXO Logistics Inc.,56.5900,N/A for download,United States and Canada,NYSE
FAF,First American Financial Corporation,63.1800,N/A for download,United States and Canada,NYSE
LTH,Life Time Group Holdings Inc.,29.1700,N/A for download,United States and Canada,NYSE
LOAR,Loar Holdings Inc.,68.5800,N/A for download,United States and Canada,NYSE
TXNM,TXNM Energy Inc.,58.9200,N/A for download,United States and Canada,NYSE
EXP,Eagle Materials Inc.,203.8100,N/A for download,United States and Canada,NYSE
SITE,SiteOne Landscape Supply Inc.,143.5400,N/A for download,United States and Canada,NYSE
LW,Lamb Weston Holdings Inc.,45.9300,N/A for download,United States and Canada,NYSE
KEX,Kirby Corporation,117.6600,N/A for download,United States and Canada,NYSE
TRNO,Terreno Realty Corporation,61.5400,N/A for download,United States and Canada,NYSE
FRO,Frontline plc,28.5800,N/A for download,United States and Canada,NYSE
VIRT,Virtu Financial Inc.,41.5100,N/A for download,United States and Canada,NYSE
VIST,Vista Energy S.A.B. de C.V.,60.4900,N/A for download,United States and Canada,NYSE
KMX,CarMax Inc.,44.5400,N/A for download,United States and Canada,NYSE
NEU,NewMarket Corporation,670.7900,N/A for download,United States and Canada,NYSE
FNB,F.N.B. Corporation,17.5500,N/A for download,United States and Canada,NYSE
THG,The Hanover Insurance Group Inc.,174.1400,N/A for download,United States and Canada,NYSE
HIMS,Hims & Hers Health Inc.,27.0900,N/A for download,United States and Canada,NYSE
SEE,Sealed Air Corporation,41.8800,N/A for download,United States and Canada,NYSE
DLB,Dolby Laboratories Inc.,64.1900,N/A for download,United States and Canada,NYSE
OBDC,Blue Owl Capital Corporation,12.0000,N/A for download,United States and Canada,NYSE
PIPR,Piper Sandler Companies,346.3500,N/A for download,United States and Canada,NYSE
ESNT,Essent Group Ltd.,62.9200,N/A for download,United States and Canada,NYSE
LEA,Lear Corporation,117.0900,N/A for download,United States and Canada,NYSE
RITM,Rithm Capital Corp.,10.9400,N/A for download,United States and Canada,NYSE
EPRT,Essential Properties Realty Trust Inc.,30.3600,N/A for download,United States and Canada,NYSE
CHE,Chemed Corporation,427.1400,N/A for download,United States and Canada,NYSE
TEO,Telecom Argentina S.A.,13.5000,N/A for download,United States and Canada,NYSE
MTG,MGIC Investment Corporation,26.9200,N/A for download,United States and Canada,NYSE
HR,Healthcare Realty Trust Incorporated,16.7900,N/A for download,United States and Canada,NYSE
SWX,Southwest Gas Holdings Inc.,82.8200,N/A for download,United States and Canada,NYSE
RAL,Ralliant Corporation,52.9700,N/A for download,United States and Canada,NYSE
TMHC,Taylor Morrison Home Corporation,60.9500,N/A for download,United States and Canada,NYSE
GTES,Gates Industrial Corporation plc,23.0200,N/A for download,United States and Canada,NYSE
RHP,Ryman Hospitality Properties Inc.,94.7000,N/A for download,United States and Canada,NYSE
BXSL,Blackstone Secured Lending Fund,25.6600,N/A for download,United States and Canada,NYSE
SOBO,South Bow Corporation,28.4000,N/A for download,United States and Canada,NYSE
BLCO,Bausch + Lomb Corporation,16.7000,N/A for download,United States and Canada,NYSE
THO,THOR Industries Inc.,111.8700,N/A for download,United States and Canada,NYSE
ESE,ESCO Technologies Inc.,228.1700,N/A for download,United States and Canada,NYSE
ALK,Alaska Air Group Inc.,50.8300,N/A for download,United States and Canada,NYSE
ENIC,Enel Chile S.A.,4.3400,N/A for download,United States and Canada,NYSE
TKC,Turkcell Iletisim Hizmetleri A.S.,6.6600,N/A for download,United States and Canada,NYSE
MIR,Mirion Technologies Inc.,24.8400,N/A for download,United States and Canada,NYSE
LPX,Louisiana-Pacific Corporation,83.7400,N/A for download,United States and Canada,NYSE
AVAL,Grupo Aval Acciones y Valores S.A.,4.8100,N/A for download,United States and Canada,NYSE
MAIN,Main Street Capital Corporation,63.8000,N/A for download,United States and Canada,NYSE
BIPC,Brookfield Infrastructure Corporation,47.8500,N/A for download,United States and Canada,NYSE
GOLF,Acushnet Holdings Corp.,96.9400,N/A for download,United States and Canada,NYSE
HOMB,Home Bancshares Inc. (Conway AR),28.9000,N/A for download,United States and Canada,NYSE
NE,Noble Corporation plc,35.6200,N/A for download,United States and Canada,NYSE
POR,Portland General Electric Company,50.2500,N/A for download,United States and Canada,NYSE
CPA,Copa Holdings S.A.,136.4000,N/A for download,United States and Canada,NYSE
MTDR,Matador Resources Company,45.2400,N/A for download,United States and Canada,NYSE
MNSO,MINISO Group Holding Limited,18.4600,N/A for download,United States and Canada,NYSE
ACA,Arcosa Inc.,114.4700,N/A for download,United States and Canada,NYSE
AX,Axos Financial Inc.,98.9900,N/A for download,United States and Canada,NYSE
IFS,Intercorp Financial Services Inc.,48.9800,N/A for download,United States and Canada,NYSE
CNX,CNX Resources Corporation,38.8000,N/A for download,United States and Canada,NYSE
BKH,Black Hills Corporation,72.9800,N/A for download,United States and Canada,NYSE
AUB,Atlantic Union Bankshares Corporation,38.8400,N/A for download,United States and Canada,NYSE
WH,Wyndham Hotels & Resorts Inc.,72.7900,N/A for download,United States and Canada,NYSE
FLG,Flagstar Bank National Association,13.2200,N/A for download,United States and Canada,NYSE
RIG,Transocean Ltd.,4.9700,N/A for download,United States and Canada,NYSE
ABCB,Ameris Bancorp,80.6200,N/A for download,United States and Canada,NYSE
VNT,Vontier Corporation,37.5000,N/A for download,United States and Canada,NYSE
BOOT,Boot Barn Holdings Inc.,178.4800,N/A for download,United States and Canada,NYSE
KBR,KBR Inc.,42.8100,N/A for download,United States and Canada,NYSE
RLI,RLI Corp.,58.4300,N/A for download,United States and Canada,NYSE
WFG,West Fraser Timber Co. Ltd.,68.3600,N/A for download,United States and Canada,NYSE
M,Macy's Inc.,20.0200,N/A for download,United States and Canada,NYSE
MC,Moelis & Company,71.6700,N/A for download,United States and Canada,NYSE
SMR,NuScale Power Corporation,17.4800,N/A for download,United States and Canada,NYSE
PACS,PACS Group Inc.,33.7600,N/A for download,United States and Canada,NYSE
FCN,FTI Consulting Inc.,174.6700,N/A for download,United States and Canada,NYSE
POST,Post Holdings Inc.,102.3100,N/A for download,United States and Canada,NYSE
BCO,The Brink's Company,127.0400,N/A for download,United States and Canada,NYSE
WEX,WEX Inc.,153.9000,N/A for download,United States and Canada,NYSE
GVA,Granite Construction Incorporated,120.7400,N/A for download,United States and Canada,NYSE
ACHR,Archer Aviation Inc.,7.1900,N/A for download,United States and Canada,NYSE
KD,Kyndryl Holdings Inc.,23.0000,N/A for download,United States and Canada,NYSE
BFAM,Bright Horizons Family Solutions Inc.,92.6300,N/A for download,United States and Canada,NYSE
FOUR,Shift4 Payments Inc.,59.0400,N/A for download,United States and Canada,NYSE
ETSY,Etsy Inc.,52.9600,N/A for download,United States and Canada,NYSE
BC,Brunswick Corporation,80.2200,N/A for download,United States and Canada,NYSE
TDS,Telephone and Data Systems Inc.,45.1300,N/A for download,United States and Canada,NYSE
PFSI,PennyMac Financial Services Inc.,99.9200,N/A for download,United States and Canada,NYSE
KRG,Kite Realty Group Trust,23.4900,N/A for download,United States and Canada,NYSE
AROC,Archrock Inc.,29.5900,N/A for download,United States and Canada,NYSE
UGP,Ultrapar Participações S.A.,4.7800,N/A for download,United States and Canada,NYSE
MMS,Maximus Inc.,94.4400,N/A for download,United States and Canada,NYSE
WTM,White Mountains Insurance Group Ltd.,2044.9300,N/A for download,United States and Canada,NYSE
REZI,Resideo Technologies Inc.,34.2600,N/A for download,United States and Canada,NYSE
LAZ,Lazard Inc.,53.7200,N/A for download,United States and Canada,NYSE
GHC,Graham Holdings Company,1166.6300,N/A for download,United States and Canada,NYSE
ELF,e.l.f. Beauty Inc.,84.9900,N/A for download,United States and Canada,NYSE
LEU,Centrus Energy Corp.,278.2800,N/A for download,United States and Canada,NYSE
DOCN,DigitalOcean Holdings Inc.,55.2500,N/A for download,United States and Canada,NYSE
MAC,The Macerich Company,18.9300,N/A for download,United States and Canada,NYSE
AQN,Algonquin Power & Utilities Corp.,6.5500,N/A for download,United States and Canada,NYSE
ST,Sensata Technologies Holding plc,34.5900,N/A for download,United States and Canada,NYSE
NPO,Enpro Inc.,238.7800,N/A for download,United States and Canada,NYSE
TGS,Transportadora de Gas del Sur S.A.,31.8900,N/A for download,United States and Canada,NYSE
NIQ,NIQ Global Intelligence plc,16.9900,N/A for download,United States and Canada,NYSE
MATX,Matson Inc.,160.3000,N/A for download,United States and Canada,NYSE
SR,Spire Inc.,84.4900,N/A for download,United States and Canada,NYSE
HRB,H&R Block Inc.,39.4500,N/A for download,United States and Canada,NYSE
NJR,New Jersey Resources Corporation,49.4800,N/A for download,United States and Canada,NYSE
INGM,Ingram Micro Holding Corporation,21.1200,N/A for download,United States and Canada,NYSE
MRP,Millrose Properties Inc.,29.8000,N/A for download,United States and Canada,NYSE
BETA,BETA Technologies Inc.,21.5000,N/A for download,United States and Canada,NYSE
PHI,PLDT Inc.,22.5600,N/A for download,United States and Canada,NYSE
MTH,Meritage Homes Corporation,69.5100,N/A for download,United States and Canada,NYSE
CNR,Core Natural Resources Inc.,95.3800,N/A for download,United States and Canada,NYSE
STUB,StubHub Holdings Inc.,14.1200,N/A for download,United States and Canada,NYSE
CE,Celanese Corporation,44.4400,N/A for download,United States and Canada,NYSE
MCY,Mercury General Corporation,87.5900,N/A for download,United States and Canada,NYSE
PAM,Pampa Energía S.A.,86.6400,N/A for download,United States and Canada,NYSE
CAAP,Corporación América Airports S.A.,29.6400,N/A for download,United States and Canada,NYSE
HHH,Howard Hughes Holdings Inc.,81.6600,N/A for download,United States and Canada,NYSE
AGX,Argan Inc.,347.1100,N/A for download,United States and Canada,NYSE
MGY,Magnolia Oil & Gas Corporation,25.5100,N/A for download,United States and Canada,NYSE
OGS,ONE Gas Inc.,79.5600,N/A for download,United States and Canada,NYSE
HRI,Herc Holdings Inc.,143.3400,N/A for download,United States and Canada,NYSE
SGHC,Super Group (SGHC) Limited,9.4700,N/A for download,United States and Canada,NYSE
MTN,Vail Resorts Inc.,133.0700,N/A for download,United States and Canada,NYSE
S,SentinelOne Inc.,13.9800,N/A for download,United States and Canada,NYSE
NNI,Nelnet Inc.,131.9000,N/A for download,United States and Canada,NYSE
SON,Sonoco Products Company,48.0000,N/A for download,United States and Canada,NYSE
ATMU,Atmus Filtration Technologies Inc.,57.9700,N/A for download,United States and Canada,NYSE
CHH,Choice Hotels International Inc.,102.8000,N/A for download,United States and Canada,NYSE
MSM,MSC Industrial Direct Co. Inc.,84.3400,N/A for download,United States and Canada,NYSE
SNDR,Schneider National Inc.,26.8400,N/A for download,United States and Canada,NYSE
HCC,Warrior Met Coal Inc.,89.3000,N/A for download,United States and Canada,NYSE
BDC,Belden Inc.,117.5100,N/A for download,United States and Canada,NYSE
TFX,Teleflex Incorporated,104.3700,N/A for download,United States and Canada,NYSE
ZETA,Zeta Global Holdings Corp.,18.5800,N/A for download,United States and Canada,NYSE
BGSI,Boyd Group Services Inc.,164.6400,N/A for download,United States and Canada,NYSE
SLGN,Silgan Holdings Inc.,43.1500,N/A for download,United States and Canada,NYSE
ABG,Asbury Automotive Group Inc.,234.5100,N/A for download,United States and Canada,NYSE
BLSH,Bullish,30.2000,N/A for download,United States and Canada,NYSE
SSL,Sasol Limited,7.1200,N/A for download,United States and Canada,NYSE
AKOB,Embotelladora Andina S.A.,31.4200,N/A for download,United States and Canada,NYSE
AKOA,Embotelladora Andina S.A.,24.1500,N/A for download,United States and Canada,NYSE
ECG,Everus Construction Group Inc.,88.4900,N/A for download,United States and Canada,NYSE
WHR,Whirlpool Corporation,79.9900,N/A for download,United States and Canada,NYSE
WHD,Cactus Inc.,56.2300,N/A for download,United States and Canada,NYSE
CRC,California Resources Corporation,53.5000,N/A for download,United States and Canada,NYSE
ANF,Abercrombie & Fitch Co.,97.6300,N/A for download,United States and Canada,NYSE
TNL,Travel + Leisure Co.,69.5400,N/A for download,United States and Canada,NYSE
SFBS,ServisFirst Bancshares Inc.,81.8500,N/A for download,United States and Canada,NYSE
BBWI,Bath & Body Works Inc.,21.8000,N/A for download,United States and Canada,NYSE
ASB,Associated Banc-Corp,27.2600,N/A for download,United States and Canada,NYSE
RDN,Radian Group Inc.,32.9000,N/A for download,United States and Canada,NYSE
CSW,CSW Industrials Inc.,269.9800,N/A for download,United States and Canada,NYSE
TREX,Trex Company Inc.,41.4200,N/A for download,United States and Canada,NYSE
CSAN,Cosan S.A.,4.5300,N/A for download,United States and Canada,NYSE
WPP,WPP plc,20.8800,N/A for download,United States and Canada,NYSE
LB,LandBridge Company LLC,57.4600,N/A for download,United States and Canada,NYSE
HASI,HA Sustainable Infrastructure Capital Inc.,34.4100,N/A for download,United States and Canada,NYSE
SKY,Champion Homes Inc.,78.3800,N/A for download,United States and Canada,NYSE
VSCO,Victoria's Secret & Co.,54.5100,N/A for download,United States and Canada,NYSE
ALH,Alliance Laundry Holdings Inc.,22.0800,N/A for download,United States and Canada,NYSE
YOU,Clear Secure Inc.,32.6200,N/A for download,United States and Canada,NYSE
BILL,BILL Holdings Inc.,43.1700,N/A for download,United States and Canada,NYSE
GPK,Graphic Packaging Holding Company,14.6500,N/A for download,United States and Canada,NYSE
WK,Workiva Inc.,77.0200,N/A for download,United States and Canada,NYSE
BMI,Badger Meter Inc.,146.5800,N/A for download,United States and Canada,NYSE
HGTY,Hagerty Inc.,12.6100,N/A for download,United States and Canada,NYSE
YSS,York Space Systems Inc.,33.9500,N/A for download,United States and Canada,NYSE
BBAR,Banco BBVA Argentina S.A.,20.2200,N/A for download,United States and Canada,NYSE
MUR,Murphy Oil Corporation,30.0900,N/A for download,United States and Canada,NYSE
BTU,Peabody Energy Corporation,35.2600,N/A for download,United States and Canada,NYSE
EE,Excelerate Energy Inc.,37.3500,N/A for download,United States and Canada,NYSE
STVN,Stevanato Group S.p.A.,15.5800,N/A for download,United States and Canada,NYSE
CUZ,Cousins Properties Incorporated,25.2400,N/A for download,United States and Canada,NYSE
MWA,Mueller Water Products Inc.,27.0700,N/A for download,United States and Canada,NYSE
MDU,MDU Resources Group Inc.,20.5100,N/A for download,United States and Canada,NYSE
GPI,Group 1 Automotive Inc.,354.2600,N/A for download,United States and Canada,NYSE
VVV,Valvoline Inc.,32.7200,N/A for download,United States and Canada,NYSE
AD,Array Digital Infrastructure Inc.,48.1900,N/A for download,United States and Canada,NYSE
TPC,Tutor Perini Corporation,78.8900,N/A for download,United States and Canada,NYSE
UCB,United Community Banks Inc.,34.4300,N/A for download,United States and Canada,NYSE
AIR,AAR Corp.,105.9100,N/A for download,United States and Canada,NYSE
EPR,EPR Properties,54.2400,N/A for download,United States and Canada,NYSE
KRC,Kilroy Realty Corporation,34.4800,N/A for download,United States and Canada,NYSE
NSA,National Storage Affiliates Trust,31.8100,N/A for download,United States and Canada,NYSE
IRT,Independence Realty Trust Inc.,16.7000,N/A for download,United States and Canada,NYSE
ENVA,Enova International Inc.,165.1700,N/A for download,United States and Canada,NYSE
BRC,Brady Corporation,86.4700,N/A for download,United States and Canada,NYSE
OUT,OUTFRONT Media Inc.,24.3200,N/A for download,United States and Canada,NYSE
RSI,Rush Street Interactive Inc.,17.6700,N/A for download,United States and Canada,NYSE
LPL,LG Display Co. Ltd.,3.9700,N/A for download,United States and Canada,NYSE
VAL,Valaris Limited,57.7300,N/A for download,United States and Canada,NYSE
SXT,Sensient Technologies Corporation,94.5200,N/A for download,United States and Canada,NYSE
CNO,CNO Financial Group Inc.,42.0500,N/A for download,United States and Canada,NYSE
TBBB,BBB Foods Inc.,34.8900,N/A for download,United States and Canada,NYSE
LBRT,Liberty Energy Inc.,24.6500,N/A for download,United States and Canada,NYSE
FG,F&G Annuities & Life Inc.,29.4900,N/A for download,United States and Canada,NYSE
AEO,American Eagle Outfitters Inc.,23.3100,N/A for download,United States and Canada,NYSE
GPOR,Gulfport Energy Corporation,204.1700,N/A for download,United States and Canada,NYSE
FHI,Federated Hermes Inc.,53.2800,N/A for download,United States and Canada,NYSE
SKT,Tanger Inc.,32.7200,N/A for download,United States and Canada,NYSE
AAUC,Allied Gold Corporation,31.4500,N/A for download,United States and Canada,NYSE
NHI,National Health Investors Inc.,82.1200,N/A for download,United States and Canada,NYSE
AGO,Assured Guaranty Ltd.,84.8500,N/A for download,United States and Canada,NYSE
PBF,PBF Energy Inc.,33.4600,N/A for download,United States and Canada,NYSE
UNF,UniFirst Corporation,215.0000,N/A for download,United States and Canada,NYSE
AB,AllianceBernstein Holding L.P.,42.5400,N/A for download,United States and Canada,NYSE
PRM,Perimeter Solutions Inc.,26.1500,N/A for download,United States and Canada,NYSE
FSK,FS KKR Capital Corp.,13.7900,N/A for download,United States and Canada,NYSE
NVST,Envista Holdings Corporation,23.4700,N/A for download,United States and Canada,NYSE
HGV,Hilton Grand Vacations Inc.,45.1100,N/A for download,United States and Canada,NYSE
QTWO,Q2 Holdings Inc.,61.2500,N/A for download,United States and Canada,NYSE
JOE,The St. Joe Company,66.1900,N/A for download,United States and Canada,NYSE
CWK,Cushman & Wakefield Limited,16.4400,N/A for download,United States and Canada,NYSE
KNF,Knife River Corporation,67.1700,N/A for download,United States and Canada,NYSE
OSCR,Oscar Health Inc.,14.3500,N/A for download,United States and Canada,NYSE
GFF,Griffon Corporation,81.4500,N/A for download,United States and Canada,NYSE
TAC,TransAlta Corporation,12.7800,N/A for download,United States and Canada,NYSE
KAI,Kadant Inc.,321.0400,N/A for download,United States and Canada,NYSE
SHAK,Shake Shack Inc.,88.5700,N/A for download,United States and Canada,NYSE
SEI,Solaris Energy Infrastructure Inc.,55.1900,N/A for download,United States and Canada,NYSE
CBT,Cabot Corporation,72.1900,N/A for download,United States and Canada,NYSE
CMBT,Cmb.Tech NV,13.0400,N/A for download,United States and Canada,NYSE
SIG,Signet Jewelers Limited,92.2700,N/A for download,United States and Canada,NYSE
TEX,Terex Corporation,57.0000,N/A for download,United States and Canada,NYSE
RH,RH,198.8300,N/A for download,United States and Canada,NYSE
SMG,The Scotts Miracle-Gro Company,64.2200,N/A for download,United States and Canada,NYSE
KEN,Kenon Holdings Ltd.,70.7300,N/A for download,United States and Canada,NYSE
AZZ,AZZ Inc.,124.2900,N/A for download,United States and Canada,NYSE
DX,Dynex Capital Inc.,13.8800,N/A for download,United States and Canada,NYSE
BNL,Broadstone Net Lease Inc.,18.5100,N/A for download,United States and Canada,NYSE
USAC,USA Compression Partners LP,25.8600,N/A for download,United States and Canada,NYSE
KBH,KB Home,57.5400,N/A for download,United States and Canada,NYSE
BOX,Box Inc.,25.3500,N/A for download,United States and Canada,NYSE
KFY,Korn Ferry,69.4700,N/A for download,United States and Canada,NYSE
KGS,Kodiak Gas Services Inc.,42.0100,N/A for download,United States and Canada,NYSE
APAM,Artisan Partners Asset Management Inc.,44.5200,N/A for download,United States and Canada,NYSE
PII,Polaris Inc.,63.8400,N/A for download,United States and Canada,NYSE
GBTG,Global Business Travel Group Inc.,6.8500,N/A for download,United States and Canada,NYSE
ATGE,Adtalem Global Education Inc.,103.5500,N/A for download,United States and Canada,NYSE
RNST,Renasant Corporation,37.7100,N/A for download,United States and Canada,NYSE
MIAX,Miami International Holdings Inc.,41.7300,N/A for download,United States and Canada,NYSE
BKD,Brookdale Senior Living Inc.,15.0000,N/A for download,United States and Canada,NYSE
YETI,YETI Holdings Inc.,45.7100,N/A for download,United States and Canada,NYSE
LRN,Stride Inc.,84.6000,N/A for download,United States and Canada,NYSE
CDP,COPT Defense Properties,30.8100,N/A for download,United States and Canada,NYSE
LCII,LCI Industries,146.6900,N/A for download,United States and Canada,NYSE
GEF,Greif Inc.,70.6200,N/A for download,United States and Canada,NYSE
GEFB,Greif Inc.,83.1800,N/A for download,United States and Canada,NYSE
RYN,Rayonier Inc.,22.7400,N/A for download,United States and Canada,NYSE
COLD,Americold Realty Trust Inc.,12.4100,N/A for download,United States and Canada,NYSE
NP,Neptune Insurance Holdings Inc.,25.5000,N/A for download,United States and Canada,NYSE
BKU,BankUnited Inc.,47.4700,N/A for download,United States and Canada,NYSE
HAYW,Hayward Holdings Inc.,16.1400,N/A for download,United States and Canada,NYSE
MHO,M/I Homes Inc.,133.7000,N/A for download,United States and Canada,NYSE
ERO,Ero Copper Corp.,33.5100,N/A for download,United States and Canada,NYSE
RHI,Robert Half Inc.,34.6100,N/A for download,United States and Canada,NYSE
SKE,Skeena Resources Limited,28.6100,N/A for download,United States and Canada,NYSE
HP,Helmerich & Payne Inc.,33.8800,N/A for download,United States and Canada,NYSE
FBP,First BanCorp.,22.1200,N/A for download,United States and Canada,NYSE
AHL,Aspen Insurance Holdings Limited,37.3300,N/A for download,United States and Canada,NYSE
SLG,SL Green Realty Corp.,44.7800,N/A for download,United States and Canada,NYSE
HNI,HNI Corporation,47.7900,N/A for download,United States and Canada,NYSE
CGAU,Centerra Gold Inc.,16.7600,N/A for download,United States and Canada,NYSE
SPHR,Sphere Entertainment Co.,95.5100,N/A for download,United States and Canada,NYSE
AVA,Avista Corporation,41.2900,N/A for download,United States and Canada,NYSE
TTAM,Titan America SA,17.3600,N/A for download,United States and Canada,NYSE
PAY,Paymentus Holdings Inc.,26.7300,N/A for download,United States and Canada,NYSE
GNW,Genworth Financial Inc.,8.3400,N/A for download,United States and Canada,NYSE
HTGC,Hercules Capital Inc.,18.5300,N/A for download,United States and Canada,NYSE
KTB,Kontoor Brands Inc.,59.7300,N/A for download,United States and Canada,NYSE
AVNT,Avient Corporation,36.1500,N/A for download,United States and Canada,NYSE
CBU,Community Financial System Inc.,62.5000,N/A for download,United States and Canada,NYSE
CNS,Cohen & Steers Inc.,64.2600,N/A for download,United States and Canada,NYSE
PAGS,PagSeguro Digital Ltd.,11.2500,N/A for download,United States and Canada,NYSE
FUL,H.B. Fuller Company,60.1000,N/A for download,United States and Canada,NYSE
BXMT,Blackstone Mortgage Trust Inc.,19.2500,N/A for download,United States and Canada,NYSE
DAN,Dana Incorporated,28.9000,N/A for download,United States and Canada,NYSE
EXK,Endeavour Silver Corp.,10.9300,N/A for download,United States and Canada,NYSE
BFH,Bread Financial Holdings Inc.,72.5400,N/A for download,United States and Canada,NYSE
OPLN,OPENLANE Inc.,30.0400,N/A for download,United States and Canada,NYSE
SII,Sprott Inc.,122.6800,N/A for download,United States and Canada,NYSE
CRGY,Crescent Energy Company,9.7700,N/A for download,United States and Canada,NYSE
BSM,Black Stone Minerals L.P.,14.7700,N/A for download,United States and Canada,NYSE
HAE,Haemonetics Corporation,66.6600,N/A for download,United States and Canada,NYSE
REVG,REV Group Inc.,63.9000,N/A for download,United States and Canada,NYSE
WRBY,Warby Parker Inc.,25.5100,N/A for download,United States and Canada,NYSE
BANC,Banc of California Inc.,19.9800,N/A for download,United States and Canada,NYSE
PBH,Prestige Consumer Healthcare Inc.,64.4700,N/A for download,United States and Canada,NYSE
TDW,Tidewater Inc.,62.4900,N/A for download,United States and Canada,NYSE
CSTM,Constellium SE,22.4700,N/A for download,United States and Canada,NYSE
TGNA,TEGNA Inc.,19.1600,N/A for download,United States and Canada,NYSE
HAFN,Hafnia Limited,6.1400,N/A for download,United States and Canada,NYSE
MANU,Manchester United plc,17.7000,N/A for download,United States and Canada,NYSE
ITGR,Integer Holdings Corporation,86.8600,N/A for download,United States and Canada,NYSE
ARX,Accelerant Holdings,13.6600,N/A for download,United States and Canada,NYSE
CPK,Chesapeake Utilities Corporation,128.6800,N/A for download,United States and Canada,NYSE
GRBK,Green Brick Partners Inc.,69.3900,N/A for download,United States and Canada,NYSE
MPW,Medical Properties Trust Inc.,5.0200,N/A for download,United States and Canada,NYSE
OII,Oceaneering International Inc.,30.1000,N/A for download,United States and Canada,NYSE
STNG,Scorpio Tankers Inc.,63.6200,N/A for download,United States and Canada,NYSE
BCC,Boise Cascade Company,80.8100,N/A for download,United States and Canada,NYSE
FSM,Fortuna Mining Corp.,9.7800,N/A for download,United States and Canada,NYSE
WU,The Western Union Company,9.3700,N/A for download,United States and Canada,NYSE
FBK,FB Financial Corporation,57.5300,N/A for download,United States and Canada,NYSE
BOH,Bank of Hawaii Corporation,74.7800,N/A for download,United States and Canada,NYSE
CALX,Calix Inc.,44.6700,N/A for download,United States and Canada,NYSE
SA,Seabridge Gold Inc.,28.2600,N/A for download,United States and Canada,NYSE
INSW,International Seaways Inc.,59.6500,N/A for download,United States and Canada,NYSE
GLOB,Globant S.A.,66.8800,N/A for download,United States and Canada,NYSE
BRBR,BellRing Brands Inc.,24.8700,N/A for download,United States and Canada,NYSE
TNET,TriNet Group Inc.,61.2400,N/A for download,United States and Canada,NYSE
LXP,LXP Industrial Trust,49.5500,N/A for download,United States and Canada,NYSE
AERO,Grupo Aeroméxico S.A.B. de C.V.,20.0500,N/A for download,United States and Canada,NYSE
MSGE,Madison Square Garden Entertainment Corp.,61.8700,N/A for download,United States and Canada,NYSE
SXI,Standex International Corporation,240.0000,N/A for download,United States and Canada,NYSE
DBRG,DigitalBridge Group Inc.,15.3900,N/A for download,United States and Canada,NYSE
CXT,Crane NXT Co.,50.5200,N/A for download,United States and Canada,NYSE
FUBO,FuboTV Inc.,2.2300,N/A for download,United States and Canada,NYSE
HIW,Highwoods Properties Inc.,25.8500,N/A for download,United States and Canada,NYSE
PFS,Provident Financial Services Inc.,22.1400,N/A for download,United States and Canada,NYSE
BKV,BKV Corporation,29.7500,N/A for download,United States and Canada,NYSE
AAP,Advance Auto Parts Inc.,48.0100,N/A for download,United States and Canada,NYSE
MTRN,Materion Corporation,138.2800,N/A for download,United States and Canada,NYSE
TPH,Tri Pointe Homes Inc.,33.3500,N/A for download,United States and Canada,NYSE
PVH,PVH Corp.,62.3600,N/A for download,United States and Canada,NYSE
CON,Concentra Group Holdings Parent Inc.,22.1800,N/A for download,United States and Canada,NYSE
AWR,American States Water Company,72.9600,N/A for download,United States and Canada,NYSE
DNOW,DNOW Inc.,15.1900,N/A for download,United States and Canada,NYSE
MH,McGraw Hill Inc.,14.7500,N/A for download,United States and Canada,NYSE
RLX,RLX Technology Inc.,2.3100,N/A for download,United States and Canada,NYSE
ASH,Ashland Inc.,61.1600,N/A for download,United States and Canada,NYSE
ATS,ATS Corporation,28.4600,N/A for download,United States and Canada,NYSE
COTY,Coty Inc.,3.1700,N/A for download,United States and Canada,NYSE
ABM,ABM Industries Incorporated,46.0400,N/A for download,United States and Canada,NYSE
SUNC,SunocoCorp LLC,53.6200,N/A for download,United States and Canada,NYSE
NATL,NCR Atleos Corporation,37.3000,N/A for download,United States and Canada,NYSE
APLE,Apple Hospitality REIT Inc.,11.6400,N/A for download,United States and Canada,NYSE
WOR,Worthington Enterprises Inc.,55.5700,N/A for download,United States and Canada,NYSE
DRD,DRDGOLD Limited,31.8200,N/A for download,United States and Canada,NYSE
BRSL,Brightstar Lottery PLC,14.4800,N/A for download,United States and Canada,NYSE
CTRI,Centuri Holdings Inc.,27.6000,N/A for download,United States and Canada,NYSE
HNGE,Hinge Health Inc.,34.9000,N/A for download,United States and Canada,NYSE
CNK,Cinemark Holdings Inc.,23.6800,N/A for download,United States and Canada,NYSE
PHIN,PHINIA Inc.,71.1700,N/A for download,United States and Canada,NYSE
LION,Lionsgate Studios Corp.,9.4400,N/A for download,United States and Canada,NYSE
VSH,Vishay Intertechnology Inc.,20.1500,N/A for download,United States and Canada,NYSE
HG,Hamilton Insurance Group Ltd.,27.7500,N/A for download,United States and Canada,NYSE
AKR,Acadia Realty Trust,20.0100,N/A for download,United States and Canada,NYSE
CCU,Compañía Cervecerías Unidas S.A.,14.6700,N/A for download,United States and Canada,NYSE
WBI,WaterBridge Infrastructure LLC,21.9400,N/A for download,United States and Canada,NYSE
CUBI,Customers Bancorp Inc.,79.0200,N/A for download,United States and Canada,NYSE
AMR,Alpha Metallurgical Resources Inc.,209.8000,N/A for download,United States and Canada,NYSE
CPRI,Capri Holdings Limited,22.5700,N/A for download,United States and Canada,NYSE
IHS,IHS Holding Limited,7.9900,N/A for download,United States and Canada,NYSE
TR,Tootsie Roll Industries Inc.,37.8800,N/A for download,United States and Canada,NYSE
KWR,Quaker Chemical Corporation,153.7400,N/A for download,United States and Canada,NYSE
CWT,California Water Service Group,44.7000,N/A for download,United States and Canada,NYSE
TDC,Teradata Corporation,28.5200,N/A for download,United States and Canada,NYSE
DKL,Delek Logistics Partners LP,49.6900,N/A for download,United States and Canada,NYSE
ZIM,ZIM Integrated Shipping Services Ltd.,22.0300,N/A for download,United States and Canada,NYSE
BTE,Baytex Energy Corp.,3.4300,N/A for download,United States and Canada,NYSE
CEPU,Central Puerto S.A.,16.5200,N/A for download,United States and Canada,NYSE
HE,Hawaiian Electric Industries Inc.,15.3200,N/A for download,United States and Canada,NYSE
CALY,Callaway Golf Company,14.3500,N/A for download,United States and Canada,NYSE
XXI,Twenty One Capital Inc.,7.6000,N/A for download,United States and Canada,NYSE
AMBP,Ardagh Metal Packaging S.A.,4.3900,N/A for download,United States and Canada,NYSE
FCPT,Four Corners Property Trust Inc.,24.6500,N/A for download,United States and Canada,NYSE
KMT,Kennametal Inc.,34.3900,N/A for download,United States and Canada,NYSE
RCUS,Arcus Biosciences Inc.,21.0400,N/A for download,United States and Canada,NYSE
UAA,Under Armour Inc.,6.1700,N/A for download,United States and Canada,NYSE
UA,Under Armour Inc.,6.0700,N/A for download,United States and Canada,NYSE
UE,Urban Edge Properties,19.4300,N/A for download,United States and Canada,NYSE
ATHM,Autohome Inc.,22.0400,N/A for download,United States and Canada,NYSE
CURB,Curbline Properties Corp.,24.2500,N/A for download,United States and Canada,NYSE
SID,Companhia Siderúrgica Nacional,1.9100,N/A for download,United States and Canada,NYSE
VTMX,Corporación Inmobiliaria Vesta S.A.B. de C.V.,30.9400,N/A for download,United States and Canada,NYSE
BBUC,Brookfield Business Corporation,35.6600,N/A for download,United States and Canada,NYSE
ANDG,Andersen Group Inc.,22.4500,N/A for download,United States and Canada,NYSE
DBD,Diebold Nixdorf Incorporated,69.0100,N/A for download,United States and Canada,NYSE
DXC,DXC Technology Company,14.4300,N/A for download,United States and Canada,NYSE
ASAN,Asana Inc.,10.2500,N/A for download,United States and Canada,NYSE
NOG,Northern Oil and Gas Inc.,25.0000,N/A for download,United States and Canada,NYSE
FLO,Flowers Foods Inc.,11.4300,N/A for download,United States and Canada,NYSE
SDRL,Seadrill Limited,38.4800,N/A for download,United States and Canada,NYSE
RXO,RXO Inc.,14.5800,N/A for download,United States and Canada,NYSE
BWLP,BW LPG Limited,15.6400,N/A for download,United States and Canada,NYSE
SPNT,SiriusPoint Ltd.,20.4100,N/A for download,United States and Canada,NYSE
BBT,Beacon Financial Corporation,28.3500,N/A for download,United States and Canada,NYSE
BKE,The Buckle Inc.,47.3000,N/A for download,United States and Canada,NYSE
ALG,Alamo Group Inc.,195.3100,N/A for download,United States and Canada,NYSE
NGVT,Ingevity Corporation,65.7900,N/A for download,United States and Canada,NYSE
OLN,Olin Corporation,20.8100,N/A for download,United States and Canada,NYSE
OI,O-I Glass Inc.,15.2800,N/A for download,United States and Canada,NYSE
ATKR,Atkore Inc.,69.4500,N/A for download,United States and Canada,NYSE
HOG,Harley-Davidson Inc.,19.8000,N/A for download,United States and Canada,NYSE
TPB,Turning Point Brands Inc.,121.1500,N/A for download,United States and Canada,NYSE
KMPR,Kemper Corporation,39.4100,N/A for download,United States and Canada,NYSE
LU,Lufax Holding Ltd,2.6600,N/A for download,United States and Canada,NYSE
TRN,Trinity Industries Inc.,28.7400,N/A for download,United States and Canada,NYSE
DHT,DHT Holdings Inc.,14.3300,N/A for download,United States and Canada,NYSE
CVI,CVR Energy Inc.,22.7400,N/A for download,United States and Canada,NYSE
IVT,InvenTrust Properties Corp.,29.3900,N/A for download,United States and Canada,NYSE
TGLS,Tecnoglass Inc.,48.9100,N/A for download,United States and Canada,NYSE
UNFI,United Natural Foods Inc.,37.2300,N/A for download,United States and Canada,NYSE
TE,T1 Energy Inc.,8.3300,N/A for download,United States and Canada,NYSE
HI,Hillenbrand Inc.,31.9100,N/A for download,United States and Canada,NYSE
CC,The Chemours Company,14.9900,N/A for download,United States and Canada,NYSE
TIC,TIC Solutions Inc.,10.1000,N/A for download,United States and Canada,NYSE
EFXT,Enerflex Ltd.,18.3600,N/A for download,United States and Canada,NYSE
SM,SM Energy Company,19.4700,N/A for download,United States and Canada,NYSE
HTH,Hilltop Holdings Inc.,37.4500,N/A for download,United States and Canada,NYSE
TNK,Teekay Tankers Ltd.,64.5200,N/A for download,United States and Canada,NYSE
SAM,The Boston Beer Company Inc.,213.6200,N/A for download,United States and Canada,NYSE
ASGN,ASGN Incorporated,52.0900,N/A for download,United States and Canada,NYSE
OGN,Organon & Co.,8.5400,N/A for download,United States and Canada,NYSE
RNG,RingCentral Inc.,25.8800,N/A for download,United States and Canada,NYSE
WT,WisdomTree Inc.,16.2000,N/A for download,United States and Canada,NYSE
ZGN,Ermenegildo Zegna N.V.,8.6900,N/A for download,United States and Canada,NYSE
INSP,Inspire Medical Systems Inc.,75.7800,N/A for download,United States and Canada,NYSE
BBAI,BigBear.ai Holdings Inc.,5.0400,N/A for download,United States and Canada,NYSE
PK,Park Hotels & Resorts Inc.,10.9300,N/A for download,United States and Canada,NYSE
GEO,The GEO Group Inc.,15.9800,N/A for download,United States and Canada,NYSE
VVX,V2X Inc.,68.8300,N/A for download,United States and Canada,NYSE
HLIO,Helios Technologies Inc.,64.7800,N/A for download,United States and Canada,NYSE
DEI,Douglas Emmett Inc.,10.5600,N/A for download,United States and Canada,NYSE
WD,Walker & Dunlop Inc.,62.8900,N/A for download,United States and Canada,NYSE
NIC,Nicolet Bankshares Inc.,145.9800,N/A for download,United States and Canada,NYSE
EPAC,Enerpac Tool Group Corp.,40.3600,N/A for download,United States and Canada,NYSE
BHC,Bausch Health Companies Inc.,5.7400,N/A for download,United States and Canada,NYSE
BUR,Burford Capital Limited,9.6900,N/A for download,United States and Canada,NYSE
CBZ,CBIZ Inc.,39.3500,N/A for download,United States and Canada,NYSE
NTB,The Bank of N.T. Butterfield & Son Limited,51.8000,N/A for download,United States and Canada,NYSE
BB,BlackBerry Limited,3.5700,N/A for download,United States and Canada,NYSE
GRND,Grindr Inc.,11.3200,N/A for download,United States and Canada,NYSE
CDLR,Cadeler A/S,23.9000,N/A for download,United States and Canada,NYSE
GENI,Genius Sports Limited,8.7000,N/A for download,United States and Canada,NYSE
TSLX,Sixth Street Specialty Lending Inc.,21.9500,N/A for download,United States and Canada,NYSE
GNL,Global Net Lease Inc.,9.4600,N/A for download,United States and Canada,NYSE
KN,Knowles Corporation,24.2400,N/A for download,United States and Canada,NYSE
HCI,HCI Group Inc.,158.6700,N/A for download,United States and Canada,NYSE
PRKS,United Parks & Resorts Inc.,37.6500,N/A for download,United States and Canada,NYSE
SAH,Sonic Automotive Inc.,59.9600,N/A for download,United States and Canada,NYSE
MTX,Minerals Technologies Inc.,65.7600,N/A for download,United States and Canada,NYSE
WS,Worthington Steel Inc.,40.2300,N/A for download,United States and Canada,NYSE
STC,Stewart Information Services Corporation,67.4300,N/A for download,United States and Canada,NYSE
GEL,Genesis Energy L.P.,16.6100,N/A for download,United States and Canada,NYSE
TALO,Talos Energy Inc.,11.9200,N/A for download,United States and Canada,NYSE
CMRE,Costamare Inc.,16.7800,N/A for download,United States and Canada,NYSE
AAMI,Acadian Asset Management Inc.,55.4200,N/A for download,United States and Canada,NYSE
FMC,FMC Corporation,15.8000,N/A for download,United States and Canada,NYSE
RVLV,Revolve Group Inc.,27.6500,N/A for download,United States and Canada,NYSE
MNR,Mach Natural Resources LP,11.6900,N/A for download,United States and Canada,NYSE
FIHL,Fidelis Insurance Holdings Limited,19.0400,N/A for download,United States and Canada,NYSE
KSS,Kohl's Corporation,17.4700,N/A for download,United States and Canada,NYSE
PRGO,Perrigo Company plc,14.2100,N/A for download,United States and Canada,NYSE
LC,LendingClub Corporation,16.9100,N/A for download,United States and Canada,NYSE
ARR,ARMOUR Residential REIT Inc.,17.4000,N/A for download,United States and Canada,NYSE
RDW,Redwire Corporation,11.7500,N/A for download,United States and Canada,NYSE
CXW,CoreCivic Inc.,18.5300,N/A for download,United States and Canada,NYSE
NWN,Northwest Natural Holding Company,46.5600,N/A for download,United States and Canada,NYSE
AORT,Artivion Inc.,40.7700,N/A for download,United States and Canada,NYSE
SLVM,Sylvamo Corporation,48.9400,N/A for download,United States and Canada,NYSE
EVTC,EVERTEC Inc.,30.0100,N/A for download,United States and Canada,NYSE
GRDN,Guardian Pharmacy Services Inc.,30.2000,N/A for download,United States and Canada,NYSE
PARR,Par Pacific Holdings Inc.,37.7400,N/A for download,United States and Canada,NYSE
FDP,Fresh Del Monte Produce Inc.,39.6600,N/A for download,United States and Canada,NYSE
DAC,Danaos Corporation,103.4500,N/A for download,United States and Canada,NYSE
STEL,Stellar Bancorp Inc.,37.1400,N/A for download,United States and Canada,NYSE
VIA,Via Transportation Inc.,23.2500,N/A for download,United States and Canada,NYSE
HUN,Huntsman Corporation,10.8200,N/A for download,United States and Canada,NYSE
VAC,Marriott Vacations Worldwide Corporation,54.3100,N/A for download,United States and Canada,NYSE
IMAX,IMAX Corporation,34.9100,N/A for download,United States and Canada,NYSE
FLOC,Flowco Holdings Inc.,20.9000,N/A for download,United States and Canada,NYSE
SEM,Select Medical Holdings Corporation,15.0500,N/A for download,United States and Canada,NYSE
NOMD,Nomad Foods Limited,12.7000,N/A for download,United States and Canada,NYSE
BHE,Benchmark Electronics Inc.,52.1400,N/A for download,United States and Canada,NYSE
XPRO,Expro Group Holdings N.V.,16.0100,N/A for download,United States and Canada,NYSE
ESRT,Empire State Realty Trust Inc.,6.6300,N/A for download,United States and Canada,NYSE
FCF,First Commonwealth Financial Corporation,18.0300,N/A for download,United States and Canada,NYSE
XZO,Exzeo Group Inc.,20.3200,N/A for download,United States and Canada,NYSE
LOB,Live Oak Bancshares Inc.,39.9600,N/A for download,United States and Canada,NYSE
CCS,Century Communities Inc.,62.9800,N/A for download,United States and Canada,NYSE
FUN,Six Flags Entertainment Corporation,18.0100,N/A for download,United States and Canada,NYSE
HMN,Horace Mann Educators Corporation,44.8100,N/A for download,United States and Canada,NYSE
VOYG,Voyager Technologies Inc.,30.5300,N/A for download,United States and Canada,NYSE
AGM,Federal Agricultural Mortgage Corporation,169.3000,N/A for download,United States and Canada,NYSE
AGMA,Federal Agricultural Mortgage Corporation,129.6550,N/A for download,United States and Canada,NYSE
SEMR,Semrush Holdings Inc.,11.8900,N/A for download,United States and Canada,NYSE
MD,Pediatrix Medical Group Inc.,21.3800,N/A for download,United States and Canada,NYSE
NUVB,Nuvation Bio Inc.,5.2400,N/A for download,United States and Canada,NYSE
BLX,Banco Latinoamericano de Comercio Exterior S. A.,48.4700,N/A for download,United States and Canada,NYSE
HLF,Herbalife Ltd.,17.2400,N/A for download,United States and Canada,NYSE
FIGS,FIGS Inc.,10.8100,N/A for download,United States and Canada,NYSE
DK,Delek US Holdings Inc.,29.5100,N/A for download,United States and Canada,NYSE
SMA,SmartStop Self Storage REIT Inc.,31.4400,N/A for download,United States and Canada,NYSE
WMK,Weis Markets Inc.,71.1500,N/A for download,United States and Canada,NYSE
NMM,Navios Maritime Partners L.P.,59.8100,N/A for download,United States and Canada,NYSE
CLVT,Clarivate Plc,2.6500,N/A for download,United States and Canada,NYSE
ROG,Rogers Corporation,97.2400,N/A for download,United States and Canada,NYSE
TV,Grupo Televisa S.A.B.,3.2700,N/A for download,United States and Canada,NYSE
OFG,OFG Bancorp,40.3000,N/A for download,United States and Canada,NYSE
DV,DoubleVerify Holdings Inc.,10.8200,N/A for download,United States and Canada,NYSE
RHLD,Resolute Holdings Management Inc.,203.9600,N/A for download,United States and Canada,NYSE
LTC,LTC Properties Inc.,36.4700,N/A for download,United States and Canada,NYSE
GTY,Getty Realty Corp.,29.8600,N/A for download,United States and Canada,NYSE
ARCO,Arcos Dorados Holdings Inc.,8.1800,N/A for download,United States and Canada,NYSE
INVX,Innovex International Inc.,24.8500,N/A for download,United States and Canada,NYSE
DFH,Dream Finders Homes Inc.,18.3900,N/A for download,United States and Canada,NYSE
CYD,China Yuchai International Limited,45.3800,N/A for download,United States and Canada,NYSE
DCO,Ducommun Incorporated,113.3500,N/A for download,United States and Canada,NYSE
YELP,Yelp Inc.,27.3800,N/A for download,United States and Canada,NYSE
MAN,ManpowerGroup Inc.,36.3300,N/A for download,United States and Canada,NYSE
PBI,Pitney Bowes Inc.,10.4300,N/A for download,United States and Canada,NYSE
NEXA,Nexa Resources S.A.,12.6100,N/A for download,United States and Canada,NYSE
SHO,Sunstone Hotel Investors Inc.,8.7700,N/A for download,United States and Canada,NYSE
DQ,Daqo New Energy Corp.,24.7200,N/A for download,United States and Canada,NYSE
AMRC,Ameresco Inc.,31.3400,N/A for download,United States and Canada,NYSE
WLYB,John Wiley & Sons Inc.,32.4300,N/A for download,United States and Canada,NYSE
WLY,John Wiley & Sons Inc.,31.2300,N/A for download,United States and Canada,NYSE
JMIA,Jumia Technologies AG,13.3700,N/A for download,United States and Canada,NYSE
ABR,Arbor Realty Trust Inc.,7.7000,N/A for download,United States and Canada,NYSE
ADNT,Adient plc,20.8000,N/A for download,United States and Canada,NYSE
CDRE,Cadre Holdings Inc.,40.0100,N/A for download,United States and Canada,NYSE
AMPX,Amprius Technologies Inc.,12.4400,N/A for download,United States and Canada,NYSE
SVV,Savers Value Village Inc.,10.3600,N/A for download,United States and Canada,NYSE
EFC,Ellington Financial Inc.,12.8500,N/A for download,United States and Canada,NYSE
NSP,Insperity Inc.,42.7300,N/A for download,United States and Canada,NYSE
GLP,Global Partners LP,47.2200,N/A for download,United States and Canada,NYSE
AIN,Albany International Corp.,55.4900,N/A for download,United States and Canada,NYSE
NTST,NETSTREIT Corp.,18.8400,N/A for download,United States and Canada,NYSE
LEG,Leggett & Platt Incorporated,11.6700,N/A for download,United States and Canada,NYSE
CXM,Sprinklr Inc.,6.3800,N/A for download,United States and Canada,NYSE
ECO,Okeanis Eco Tankers Corp.,40.4900,N/A for download,United States and Canada,NYSE
BHVN,Biohaven Ltd.,11.8300,N/A for download,United States and Canada,NYSE
BTGO,Bitgo Holdings Inc.,13.5000,N/A for download,United States and Canada,NYSE
GBX,The Greenbrier Companies Inc.,50.4200,N/A for download,United States and Canada,NYSE
RAMP,LiveRamp Holdings Inc.,24.3500,N/A for download,United States and Canada,NYSE
AI,C3.ai Inc.,11.0100,N/A for download,United States and Canada,NYSE
VRE,Veris Residential Inc.,15.1900,N/A for download,United States and Canada,NYSE
MBC,MasterBrand Inc.,12.1200,N/A for download,United States and Canada,NYSE
UTI,Universal Technical Institute Inc.,27.8300,N/A for download,United States and Canada,NYSE
NVRI,Enviri Corporation,18.9200,N/A for download,United States and Canada,NYSE
TTI,TETRA Technologies Inc.,11.4000,N/A for download,United States and Canada,NYSE
NBHC,National Bank Holdings Corporation,40.1800,N/A for download,United States and Canada,NYSE
DOLE,Dole plc,15.9300,N/A for download,United States and Canada,NYSE
ALEX,Alexander & Baldwin Inc.,20.7400,N/A for download,United States and Canada,NYSE
UTZ,Utz Brands Inc.,10.5400,N/A for download,United States and Canada,NYSE
ARI,Apollo Commercial Real Estate Finance Inc.,10.8100,N/A for download,United States and Canada,NYSE
LZB,La-Z-Boy Incorporated,36.4100,N/A for download,United States and Canada,NYSE
TFIN,Triumph Financial Inc.,63.0900,N/A for download,United States and Canada,NYSE
WKC,World Kinect Corporation,26.9100,N/A for download,United States and Canada,NYSE
ENR,Energizer Holdings Inc.,21.8300,N/A for download,United States and Canada,NYSE
CTS,CTS Corporation,51.4100,N/A for download,United States and Canada,NYSE
NRP,Natural Resource Partners L.P.,113.5000,N/A for download,United States and Canada,NYSE
SPB,Spectrum Brands Holdings Inc.,63.7100,N/A for download,United States and Canada,NYSE
THR,Thermon Group Holdings Inc.,45.2500,N/A for download,United States and Canada,NYSE
XHR,Xenia Hotels & Resorts Inc.,14.7500,N/A for download,United States and Canada,NYSE
SBH,Sally Beauty Holdings Inc.,15.2200,N/A for download,United States and Canada,NYSE
VET,Vermilion Energy Inc.,9.6800,N/A for download,United States and Canada,NYSE
LAC,Lithium Americas Corp.,4.8700,N/A for download,United States and Canada,NYSE
LSPD,Lightspeed Commerce Inc.,10.8000,N/A for download,United States and Canada,NYSE
WTTR,Select Water Solutions Inc.,12.0900,N/A for download,United States and Canada,NYSE
NGL,NGL Energy Partners LP,11.7500,N/A for download,United States and Canada,NYSE
BY,Byline Bancorp Inc.,31.9300,N/A for download,United States and Canada,NYSE
WWW,Wolverine World Wide Inc.,17.7200,N/A for download,United States and Canada,NYSE
KRP,Kimbell Royalty Partners LP,13.4300,N/A for download,United States and Canada,NYSE
AESI,Atlas Energy Solutions Inc.,11.6700,N/A for download,United States and Canada,NYSE
FLNG,FLEX LNG Ltd.,26.7000,N/A for download,United States and Canada,NYSE
RES,RPC Inc.,6.6500,N/A for download,United States and Canada,NYSE
BORR,Borr Drilling Limited,4.6800,N/A for download,United States and Canada,NYSE
GRC,The Gorman-Rupp Company,54.4900,N/A for download,United States and Canada,NYSE
CTOS,Custom Truck One Source Inc.,6.3200,N/A for download,United States and Canada,NYSE
ORC,Orchid Island Capital Inc.,7.8000,N/A for download,United States and Canada,NYSE
EDN,Empresa Distribuidora y Comercializadora Norte Sociedad Anónima,30.6400,N/A for download,United States and Canada,NYSE
UVV,Universal Corporation,56.5900,N/A for download,United States and Canada,NYSE
SOC,Sable Offshore Corp.,9.6800,N/A for download,United States and Canada,NYSE
LADR,Ladder Capital Corp,10.9700,N/A for download,United States and Canada,NYSE
AAT,American Assets Trust Inc.,18.0600,N/A for download,United States and Canada,NYSE
IRS,IRSA Inversiones y Representaciones Sociedad Anónima,17.4000,N/A for download,United States and Canada,NYSE
TNC,Tennant Company,76.0900,N/A for download,United States and Canada,NYSE
VYX,NCR Voyix Corporation,9.9200,N/A for download,United States and Canada,NYSE
DFIN,Donnelley Financial Solutions Inc.,51.7500,N/A for download,United States and Canada,NYSE
EVEX,Eve Holding Inc.,3.9400,N/A for download,United States and Canada,NYSE
PUMP,ProPetro Holding Corp.,11.4900,N/A for download,United States and Canada,NYSE
BAK,Braskem S.A.,3.5500,N/A for download,United States and Canada,NYSE
KW,Kennedy-Wilson Holdings Inc.,9.8500,N/A for download,United States and Canada,NYSE
CWH,Camping World Holdings Inc.,13.1900,N/A for download,United States and Canada,NYSE
IIPR,Innovative Industrial Properties Inc.,48.3200,N/A for download,United States and Canada,NYSE
LOMA,Loma Negra Compañía Industrial Argentina Sociedad Anónima,11.5300,N/A for download,United States and Canada,NYSE
ARLO,Arlo Technologies Inc.,12.6900,N/A for download,United States and Canada,NYSE
ACVA,ACV Auctions Inc.,7.8100,N/A for download,United States and Canada,NYSE
GSL,Global Ship Lease Inc.,37.5400,N/A for download,United States and Canada,NYSE
SILA,Sila Realty Trust Inc.,24.3500,N/A for download,United States and Canada,NYSE
SPH,Suburban Propane Partners L.P.,20.1700,N/A for download,United States and Canada,NYSE
UMH,UMH Properties Inc.,15.6300,N/A for download,United States and Canada,NYSE
OBK,Origin Bancorp Inc.,42.8300,N/A for download,United States and Canada,NYSE
FOR,Forestar Group Inc.,26.0200,N/A for download,United States and Canada,NYSE
JKS,JinkoSolar Holding Co. Ltd.,25.6300,N/A for download,United States and Canada,NYSE
MUX,McEwen Inc.,24.1500,N/A for download,United States and Canada,NYSE
RERE,ATRenew Inc.,5.8800,N/A for download,United States and Canada,NYSE
PEB,Pebblebrook Hotel Trust,11.4200,N/A for download,United States and Canada,NYSE
LNN,Lindsay Corporation,125.2700,N/A for download,United States and Canada,NYSE
SCL,Stepan Company,57.6100,N/A for download,United States and Canada,NYSE
FINV,FinVolution Group,5.1300,N/A for download,United States and Canada,NYSE
WGO,Winnebago Industries Inc.,45.9100,N/A for download,United States and Canada,NYSE
PRG,PROG Holdings Inc.,32.4400,N/A for download,United States and Canada,NYSE
GOLD,Gold.com Inc.,51.8500,N/A for download,United States and Canada,NYSE
USPH,U.S. Physical Therapy Inc.,83.8700,N/A for download,United States and Canada,NYSE
VTOL,Bristow Group Inc.,43.9600,N/A for download,United States and Canada,NYSE
LPG,Dorian LPG Ltd.,29.5300,N/A for download,United States and Canada,NYSE
TUYA,Tuya Inc.,2.0900,N/A for download,United States and Canada,NYSE
BV,BrightView Holdings Inc.,13.3600,N/A for download,United States and Canada,NYSE
CRI,Carter's Inc.,34.6100,N/A for download,United States and Canada,NYSE
ENOV,Enovis Corporation,22.0400,N/A for download,United States and Canada,NYSE
AGRO,Adecoagro S.A.,8.8600,N/A for download,United States and Canada,NYSE
ATEN,A10 Networks Inc.,17.4400,N/A for download,United States and Canada,NYSE
ALX,Alexander's Inc.,244.9000,N/A for download,United States and Canada,NYSE
PRLB,Proto Labs Inc.,52.6500,N/A for download,United States and Canada,NYSE
PRA,ProAssurance Corporation,24.2200,N/A for download,United States and Canada,NYSE
THS,TreeHouse Foods Inc.,24.6400,N/A for download,United States and Canada,NYSE
DAO,Youdao Inc.,10.4000,N/A for download,United States and Canada,NYSE
JBGS,JBG SMITH Properties,16.8400,N/A for download,United States and Canada,NYSE
IDT,IDT Corporation,48.6300,N/A for download,United States and Canada,NYSE
NVGS,Navigator Holdings Ltd.,18.5300,N/A for download,United States and Canada,NYSE
ECVT,Ecovyst Inc.,10.6100,N/A for download,United States and Canada,NYSE
TWO,Two Harbors Investment Corp.,11.4700,N/A for download,United States and Canada,NYSE
DEA,Easterly Government Properties Inc.,23.3900,N/A for download,United States and Canada,NYSE
CNMD,CONMED Corporation,38.3900,N/A for download,United States and Canada,NYSE
DLX,Deluxe Corporation,26.4000,N/A for download,United States and Canada,NYSE
PX,P10 Inc.,10.7800,N/A for download,United States and Canada,NYSE
BH,Biglari Holdings Inc.,375.0300,N/A for download,United States and Canada,NYSE
BHA,Biglari Holdings Inc.,1968.8200,N/A for download,United States and Canada,NYSE
GOOS,Canada Goose Holdings Inc.,12.1600,N/A for download,United States and Canada,NYSE
SFL,SFL Corporation Ltd.,8.8600,N/A for download,United States and Canada,NYSE
GIC,Global Industrial Company,30.5600,N/A for download,United States and Canada,NYSE
ARDT,Ardent Health Inc.,8.1700,N/A for download,United States and Canada,NYSE
HLX,Helix Energy Solutions Group Inc.,7.9400,N/A for download,United States and Canada,NYSE
NPKI,NPK International Inc.,13.8100,N/A for download,United States and Canada,NYSE
CSR,Centerspace,64.2700,N/A for download,United States and Canada,NYSE
LUCK,Lucky Strike Entertainment Corporation,8.1000,N/A for download,United States and Canada,NYSE
NABL,N-able Inc.,6.0700,N/A for download,United States and Canada,NYSE
RLJ,RLJ Lodging Trust,7.4300,N/A for download,United States and Canada,NYSE
REX,REX American Resources Corporation,33.8100,N/A for download,United States and Canada,NYSE
SUPV,Grupo Supervielle S.A.,12.2100,N/A for download,United States and Canada,NYSE
VLRS,Controladora Vuela Compañía de Aviación S.A.B. de C.V.,9.7300,N/A for download,United States and Canada,NYSE
YALA,Yalla Group Limited,7.0500,N/A for download,United States and Canada,NYSE
VRTS,Virtus Investment Partners Inc.,163.2500,N/A for download,United States and Canada,NYSE
CBL,CBL & Associates Properties Inc.,35.8000,N/A for download,United States and Canada,NYSE
BFS,Saul Centers Inc.,31.7300,N/A for download,United States and Canada,NYSE
UAN,CVR Partners LP,103.5700,N/A for download,United States and Canada,NYSE
PXED,Phoenix Education Partners Inc.,30.5100,N/A for download,United States and Canada,NYSE
LAR,Lithium Argentina AG,6.7300,N/A for download,United States and Canada,NYSE
LUXE,LuxExperience B.V.,7.8500,N/A for download,United States and Canada,NYSE
GSBD,Goldman Sachs BDC Inc.,9.4200,N/A for download,United States and Canada,NYSE
BW,Babcock & Wilcox Enterprises Inc.,9.6400,N/A for download,United States and Canada,NYSE
FSSL,FS Specialty Lending Fund,13.4600,N/A for download,United States and Canada,NYSE
PAR,PAR Technology Corporation,26.2100,N/A for download,United States and Canada,NYSE
MMI,Marcus & Millichap Inc.,27.2000,N/A for download,United States and Canada,NYSE
PDM,Piedmont Realty Trust Inc.,8.4200,N/A for download,United States and Canada,NYSE
DEC,Diversified Energy Company,13.3900,N/A for download,United States and Canada,NYSE
CMP,Compass Minerals International Inc.,24.9800,N/A for download,United States and Canada,NYSE
SBR,Sabine Royalty Trust,71.3600,N/A for download,United States and Canada,NYSE
CCO,Clear Channel Outdoor Holdings Inc.,2.0900,N/A for download,United States and Canada,NYSE
PDS,Precision Drilling Corporation,79.7400,N/A for download,United States and Canada,NYSE
PMT,PennyMac Mortgage Investment Trust,11.8300,N/A for download,United States and Canada,NYSE
CIM,Chimera Investment Corporation,12.3500,N/A for download,United States and Canada,NYSE
COUR,Coursera Inc.,6.0600,N/A for download,United States and Canada,NYSE
SAFE,Safehold Inc.,14.1100,N/A for download,United States and Canada,NYSE
BFLY,Butterfly Network Inc.,3.9600,N/A for download,United States and Canada,NYSE